employee_id,age,gender,education,department,job_level,experience_years,salary,training_hours,projects_completed,monthly_working_hours,overtime_hours,leaves_taken,manager_rating,peer_review_score,attendance_rate,years_at_company,promotion_last_5_years,attrition_risk,performance_score,performance_category
EMP0001,25,Female,Bachelor's,Marketing,Junior,1,39699,52,17,145,6,8,5,4.4,100.0,1,1,Low,81.45,High
EMP0002,51,Female,Bachelor's,Operations,Senior,19,112205,41,1,163,9,4,4,5.9,85.3,19,0,Medium,58.16,Medium
EMP0003,46,Female,Bachelor's,Engineering,Manager,8,125495,19,2,149,7,19,4,6.0,86.2,5,0,Medium,61.81,Medium
EMP0004,38,Female,Bachelor's,HR,Lead,10,121506,20,6,149,21,17,3,7.8,81.3,8,1,Medium,55.08,Medium
EMP0005,38,Male,Master's,Operations,Junior,12,46903,57,3,144,25,3,4,5.8,82.6,12,0,Medium,60.49,Medium
EMP0006,54,Female,Bachelor's,Support,Junior,21,66051,94,2,175,30,4,3,6.2,86.6,19,1,Medium,60.16,Medium
EMP0007,25,Female,Diploma,Sales,Manager,1,120612,63,8,146,17,11,4,5.9,70.5,0,0,Medium,61.1,Medium
EMP0008,48,Female,Bachelor's,Finance,Manager,22,156439,49,8,163,37,8,4,4.4,88.1,19,0,Medium,57.22,Medium
EMP0009,29,Female,Master's,Sales,Mid,5,62890,93,3,218,14,9,3,5.5,85.9,4,1,Medium,67.37,Medium
EMP0010,25,Female,Bachelor's,Engineering,Senior,2,91646,72,16,210,6,7,3,5.9,96.3,2,0,Medium,73.3,Medium
EMP0011,42,Male,Master's,Marketing,Mid,17,62717,74,17,214,1,13,3,6.6,93.4,13,1,Low,78.51,High
EMP0012,59,Female,Master's,Support,Mid,28,88846,61,14,142,5,17,4,7.3,84.3,25,1,Low,77.72,High
EMP0013,49,Male,Bachelor's,Finance,Junior,24,55118,78,10,192,17,18,4,6.1,86.3,20,0,Medium,71.02,Medium
EMP0014,50,Male,Diploma,HR,Junior,23,66643,55,19,190,16,9,4,6.1,88.1,22,0,Medium,74.47,High
EMP0015,49,Female,Bachelor's,Sales,Junior,24,70017,65,7,150,34,16,2,3.9,100.0,24,1,Medium,50.94,Medium
EMP0016,51,Female,Bachelor's,Engineering,Lead,22,136697,65,9,212,5,13,5,7.3,83.4,21,1,Low,79.65,High
EMP0017,41,Male,Master's,Sales,Junior,14,47519,77,1,172,10,3,4,5.5,84.2,13,0,Medium,59.37,Medium
EMP0018,26,Male,PhD,Sales,Junior,1,43617,90,14,218,39,15,1,7.6,81.0,0,0,Medium,57.34,Medium
EMP0019,53,Male,Bachelor's,Sales,Mid,20,89887,36,2,149,1,7,3,8.5,78.1,17,0,Medium,59.81,Medium
EMP0020,39,Male,Bachelor's,Finance,Junior,12,36254,72,13,192,16,12,4,6.2,92.5,12,0,Medium,71.65,Medium
EMP0021,41,Male,PhD,Engineering,Junior,13,55498,12,15,150,7,14,3,5.0,91.6,11,1,Medium,63.93,Medium
EMP0022,36,Male,Master's,Engineering,Mid,11,75868,57,5,215,21,18,2,6.5,100.0,10,0,Medium,52.85,Medium
EMP0023,28,Female,Diploma,HR,Mid,3,56530,90,12,188,38,18,3,7.0,98.3,0,1,Medium,62.56,Medium
EMP0024,57,Female,Master's,Marketing,Senior,22,96713,68,6,146,9,16,1,6.0,100.0,21,0,Medium,56.84,Medium
EMP0025,51,Female,Master's,HR,Lead,20,131543,34,8,157,14,10,2,5.7,89.4,18,0,High,48.15,Low
EMP0026,46,Male,Bachelor's,Engineering,Junior,15,43403,64,11,168,17,8,3,7.3,87.9,12,1,Medium,60.6,Medium
EMP0027,37,Male,Diploma,Sales,Lead,5,104573,42,5,141,31,8,5,7.2,79.6,4,0,Medium,66.36,Medium
EMP0028,53,Male,Bachelor's,HR,Lead,14,116479,48,16,140,39,19,4,6.0,95.6,14,1,Medium,66.27,Medium
EMP0029,42,Female,Master's,Finance,Lead,15,123724,30,8,214,3,4,4,4.0,90.9,12,1,Medium,62.8,Medium
EMP0030,38,Male,Bachelor's,Marketing,Senior,11,88186,66,9,218,19,10,4,7.2,95.2,7,1,Medium,69.25,Medium
EMP0031,39,Male,Master's,HR,Senior,7,82923,27,16,182,30,13,4,5.3,80.9,5,0,Medium,57.13,Medium
EMP0032,30,Male,Master's,HR,Senior,1,81991,49,5,212,0,0,2,6.8,92.8,0,0,Medium,55.06,Medium
EMP0033,25,Female,Master's,Sales,Senior,1,89251,94,9,192,32,12,3,6.7,91.6,1,0,Medium,64.17,Medium
EMP0034,43,Male,Diploma,Sales,Junior,8,62899,78,19,142,9,5,3,3.7,91.1,4,1,Medium,65.95,Medium
EMP0035,55,Male,Bachelor's,Marketing,Manager,24,146740,47,8,197,20,5,4,6.6,84.5,20,0,Medium,64.85,Medium
EMP0036,24,Female,Master's,Engineering,Mid,0,57522,97,3,141,39,12,4,7.3,99.5,0,0,Medium,65.19,Medium
EMP0037,54,Female,Bachelor's,Finance,Senior,16,90507,11,6,205,25,0,3,7.5,100.0,16,0,Medium,55.46,Medium
EMP0038,53,Male,Bachelor's,Finance,Mid,21,88350,96,19,169,39,3,4,6.7,81.1,18,0,Medium,74.93,High
EMP0039,32,Male,Bachelor's,Marketing,Junior,6,34691,41,15,151,24,9,5,3.5,95.8,2,0,Medium,68.93,Medium
EMP0040,46,Female,Bachelor's,Marketing,Mid,14,66402,83,16,160,8,11,3,8.4,67.0,14,1,Low,75.8,High
EMP0041,28,Female,Bachelor's,Marketing,Mid,4,55085,95,5,194,27,2,4,7.1,95.3,1,0,Medium,68.71,Medium
EMP0042,50,Female,Master's,Finance,Mid,19,77190,64,16,207,24,7,4,4.7,75.0,15,1,Medium,66.8,Medium
EMP0043,48,Male,Master's,Operations,Mid,20,81585,64,8,185,12,6,4,5.3,85.8,20,0,Medium,66.78,Medium
EMP0044,35,Male,Master's,Engineering,Junior,5,44869,77,16,152,3,10,4,6.8,79.5,3,0,Medium,71.04,Medium
EMP0045,24,Female,Bachelor's,Marketing,Mid,1,56153,31,17,212,25,6,4,7.5,88.3,1,0,Medium,71.33,Medium
EMP0046,58,Male,Bachelor's,Engineering,Mid,20,68360,26,4,203,23,0,3,5.8,96.7,20,0,Medium,52.7,Medium
EMP0047,38,Male,Bachelor's,HR,Manager,10,147822,40,18,172,30,10,4,7.7,75.1,8,0,Medium,70.36,Medium
EMP0048,55,Female,Master's,Sales,Junior,28,68176,53,13,184,5,16,5,3.8,87.1,27,0,Medium,68.25,Medium
EMP0049,47,Female,PhD,Marketing,Mid,11,77493,76,14,217,21,11,3,4.9,85.9,11,0,Medium,63.39,Medium
EMP0050,51,Male,Bachelor's,HR,Junior,22,55738,33,15,170,32,7,5,3.4,100.0,18,0,Medium,61.73,Medium
EMP0051,50,Female,Master's,Marketing,Mid,23,69781,60,4,142,35,9,3,5.2,93.5,22,0,Medium,54.91,Medium
EMP0052,29,Male,Bachelor's,Marketing,Mid,4,59527,10,15,151,37,2,4,8.8,80.6,0,0,Medium,58.97,Medium
EMP0053,35,Female,Bachelor's,Operations,Senior,8,99967,12,5,188,8,4,4,9.6,86.2,8,0,Medium,62.89,Medium
EMP0054,39,Female,Bachelor's,Operations,Manager,11,144487,97,6,219,6,8,4,6.9,100.0,9,1,Low,77.95,High
EMP0055,40,Male,Bachelor's,Engineering,Junior,9,44202,86,3,199,23,11,5,5.5,95.7,6,0,Medium,67.87,Medium
EMP0056,23,Female,Master's,Marketing,Senior,0,73037,87,4,189,18,9,3,6.2,82.7,0,0,Medium,58.57,Medium
EMP0057,42,Male,Diploma,Operations,Junior,11,62262,39,19,165,9,19,4,7.2,87.9,9,1,Low,78.16,High
EMP0058,27,Female,Bachelor's,HR,Junior,4,31563,56,7,175,4,12,4,4.2,88.1,1,0,Medium,67.11,Medium
EMP0059,50,Male,Master's,Sales,Mid,20,73196,70,8,143,5,0,5,5.6,85.7,20,1,Low,76.47,High
EMP0060,47,Male,Master's,Finance,Junior,18,61160,32,10,169,13,10,4,8.7,76.3,14,0,Medium,70.44,Medium
EMP0061,57,Female,Diploma,Sales,Senior,25,95151,77,14,189,29,11,5,4.9,84.6,22,0,Medium,71.6,Medium
EMP0062,50,Female,Master's,Engineering,Senior,17,110596,72,11,212,2,0,5,5.4,100.0,14,0,Low,78.74,High
EMP0063,35,Male,Bachelor's,Finance,Senior,10,96993,46,11,213,4,7,3,6.5,87.0,8,0,Medium,63.26,Medium
EMP0064,58,Female,Master's,HR,Mid,17,82593,49,16,205,10,17,5,6.9,89.2,16,0,Low,79.53,High
EMP0065,37,Female,Bachelor's,Operations,Senior,13,100064,37,10,141,34,7,5,5.6,91.1,11,0,Medium,62.83,Medium
EMP0066,34,Male,Diploma,Marketing,Mid,9,64511,82,15,204,39,9,3,6.6,100.0,6,0,Medium,65.7,Medium
EMP0067,56,Female,Bachelor's,Operations,Junior,29,61294,98,18,157,17,4,4,7.4,90.1,25,1,Low,84.06,High
EMP0068,36,Female,Master's,Marketing,Junior,8,43479,99,13,189,1,1,3,9.4,98.8,4,1,Low,86.52,High
EMP0069,24,Male,Bachelor's,Operations,Senior,2,74598,79,1,215,0,6,4,6.3,85.2,2,0,Medium,69.17,Medium
EMP0070,39,Male,Bachelor's,Engineering,Manager,9,144689,41,6,211,34,15,2,6.4,87.9,9,0,Medium,53.52,Medium
EMP0071,52,Female,PhD,Engineering,Junior,23,69054,80,12,193,17,19,4,8.8,90.1,19,1,Low,75.75,High
EMP0072,29,Male,Master's,Operations,Mid,2,69214,31,10,163,3,13,4,5.7,83.8,1,0,Medium,59.86,Medium
EMP0073,39,Female,Bachelor's,Operations,Senior,11,96174,90,6,181,33,16,4,4.5,88.4,9,0,Medium,64.15,Medium
EMP0074,26,Female,Diploma,Support,Lead,1,108596,34,7,196,21,12,1,6.9,97.1,1,0,High,46.15,Low
EMP0075,48,Male,PhD,Marketing,Mid,14,69422,46,2,181,13,13,4,8.1,83.6,14,0,Medium,63.07,Medium
EMP0076,40,Male,Bachelor's,Engineering,Senior,9,86973,18,5,172,18,8,4,7.0,90.0,7,0,Medium,54.14,Medium
EMP0077,34,Female,Master's,Support,Senior,11,96989,17,15,172,9,1,4,6.4,95.7,8,0,Medium,66.01,Medium
EMP0078,30,Male,Bachelor's,Finance,Lead,5,102908,45,1,187,37,8,3,4.3,83.4,2,0,High,39.85,Low
EMP0079,43,Male,Master's,Sales,Junior,15,55153,59,16,142,31,17,2,6.4,98.8,11,0,Medium,59.42,Medium
EMP0080,47,Female,Bachelor's,Operations,Manager,11,134710,11,7,219,7,10,4,8.3,90.6,11,0,Medium,64.16,Medium
EMP0081,57,Female,Bachelor's,Support,Junior,27,60346,86,16,148,29,15,5,4.6,88.7,26,1,Low,75.42,High
EMP0082,38,Female,Diploma,Sales,Lead,12,119483,20,5,218,7,1,3,6.1,73.9,10,1,Medium,57.0,Medium
EMP0083,28,Female,Diploma,Operations,Junior,4,46893,99,16,142,18,4,4,5.9,87.0,2,0,Low,79.23,High
EMP0084,53,Female,PhD,Operations,Junior,23,54714,34,11,181,29,5,1,5.5,93.0,23,1,High,41.18,Low
EMP0085,45,Male,Diploma,HR,Junior,19,63164,44,17,173,1,7,4,6.9,100.0,17,1,Low,79.72,High
EMP0086,48,Female,Master's,Finance,Mid,20,74738,24,2,185,29,19,3,7.2,94.5,16,0,Medium,51.76,Medium
EMP0087,25,Female,Master's,Sales,Mid,2,57532,84,16,174,9,9,4,7.1,99.0,2,1,Low,81.11,High
EMP0088,33,Female,Master's,Support,Junior,7,54735,75,6,211,27,13,3,5.0,80.3,3,1,Medium,55.98,Medium
EMP0089,51,Female,Bachelor's,Support,Mid,22,87859,17,7,141,19,12,2,4.0,89.0,20,0,High,45.01,Low
EMP0090,53,Male,Bachelor's,Support,Mid,16,80566,19,1,218,1,8,3,6.9,99.8,14,0,Medium,55.04,Medium
EMP0091,38,Female,Bachelor's,Operations,Senior,14,112070,64,19,195,30,19,3,5.7,82.9,11,0,Medium,64.64,Medium
EMP0092,52,Male,Master's,Engineering,Lead,15,112368,87,13,202,10,4,4,9.3,97.7,12,1,Low,87.11,High
EMP0093,53,Female,Bachelor's,Marketing,Senior,25,102113,19,19,151,38,0,5,9.3,95.9,22,1,Medium,73.47,Medium
EMP0094,36,Male,Bachelor's,HR,Junior,5,35223,29,11,145,33,14,4,9.5,92.2,5,1,Medium,64.09,Medium
EMP0095,56,Male,Master's,Support,Junior,16,52163,59,4,171,7,13,5,5.1,87.4,15,0,Medium,68.22,Medium
EMP0096,32,Male,Bachelor's,HR,Lead,8,90763,19,7,165,24,5,4,7.4,82.1,4,0,Medium,55.82,Medium
EMP0097,31,Female,Bachelor's,HR,Junior,6,40540,37,9,202,14,17,2,7.8,100.0,6,1,Medium,54.23,Medium
EMP0098,47,Female,PhD,Sales,Mid,20,74643,10,3,211,24,3,3,7.6,95.1,17,0,Medium,51.18,Medium
EMP0099,46,Male,PhD,Operations,Manager,21,161470,54,18,174,22,5,4,6.0,92.7,19,1,Low,76.35,High
EMP0100,27,Male,Bachelor's,Marketing,Manager,1,134019,74,19,201,11,3,3,8.4,86.7,1,1,Low,77.29,High
EMP0101,53,Male,Bachelor's,Engineering,Mid,16,69394,47,11,144,26,3,5,6.5,90.3,16,0,Medium,70.88,Medium
EMP0102,29,Male,Bachelor's,Support,Senior,1,85919,33,12,199,10,14,4,6.7,91.3,0,1,Medium,62.15,Medium
EMP0103,52,Female,Master's,Sales,Mid,19,83586,48,14,147,36,14,4,4.2,93.2,19,0,Medium,62.39,Medium
EMP0104,22,Male,PhD,Engineering,Senior,0,73851,55,13,193,37,12,4,7.5,95.9,0,1,Medium,68.42,Medium
EMP0105,52,Male,Bachelor's,Engineering,Junior,24,59855,24,2,170,6,17,3,6.1,83.7,24,1,Medium,51.36,Medium
EMP0106,51,Male,Master's,HR,Junior,12,31597,20,11,173,29,1,4,7.2,78.3,9,0,Medium,60.69,Medium
EMP0107,51,Male,Bachelor's,Engineering,Senior,12,85674,26,15,162,37,12,2,6.9,90.7,8,0,Medium,53.82,Medium
EMP0108,47,Female,Bachelor's,Operations,Junior,13,44660,98,16,172,5,2,3,6.8,76.0,13,0,Medium,72.27,Medium
EMP0109,39,Female,Diploma,HR,Senior,7,88993,75,12,209,29,19,3,6.4,87.4,4,0,Medium,64.91,Medium
EMP0110,48,Male,Bachelor's,Marketing,Mid,14,64236,21,18,204,37,12,3,7.7,85.9,11,0,Medium,64.28,Medium
EMP0111,32,Female,Bachelor's,Engineering,Lead,8,105492,37,12,167,9,15,4,6.2,93.9,7,1,Medium,68.1,Medium
EMP0112,51,Male,Bachelor's,HR,Lead,15,108197,47,8,163,23,11,1,4.3,100.0,15,0,High,43.3,Low
EMP0113,43,Male,Master's,Sales,Mid,13,71968,26,9,180,31,7,3,7.4,74.4,11,0,Medium,53.33,Medium
EMP0114,39,Male,Diploma,Support,Senior,14,100205,86,14,194,13,13,5,5.3,100.0,14,1,Low,83.31,High
EMP0115,41,Male,Diploma,Marketing,Junior,13,53818,94,17,154,9,16,5,4.5,88.1,13,0,Low,78.14,High
EMP0116,43,Male,Bachelor's,HR,Mid,15,73098,32,5,198,15,3,4,5.0,92.8,13,0,Medium,60.46,Medium
EMP0117,23,Female,Bachelor's,Engineering,Junior,1,25000,11,6,215,13,17,4,6.9,78.7,0,0,Medium,56.47,Medium
EMP0118,27,Female,Master's,Engineering,Lead,1,96240,34,13,207,29,14,4,6.4,98.0,0,0,Medium,65.83,Medium
EMP0119,31,Female,Bachelor's,Sales,Lead,5,102741,62,15,183,14,1,1,3.3,90.3,2,0,Medium,50.5,Medium
EMP0120,26,Male,PhD,Engineering,Lead,4,101573,82,8,165,15,18,4,5.9,89.5,3,0,Medium,68.07,Medium
EMP0121,38,Male,Master's,Operations,Lead,12,114999,40,13,165,37,3,2,8.3,74.5,11,0,Medium,58.84,Medium
EMP0122,47,Male,Bachelor's,Support,Manager,13,157004,34,1,199,23,12,4,5.8,90.6,10,0,Medium,51.06,Medium
EMP0123,46,Male,PhD,Support,Junior,14,58296,32,6,176,37,2,5,6.3,96.8,14,0,Medium,63.63,Medium
EMP0124,39,Male,Bachelor's,Sales,Manager,12,136499,10,19,148,28,3,4,8.1,88.1,10,0,Medium,73.36,Medium
EMP0125,54,Female,Bachelor's,Operations,Mid,22,86827,11,11,194,35,12,5,7.7,99.4,19,0,Medium,68.52,Medium
EMP0126,43,Female,Master's,HR,Mid,14,76922,48,17,151,7,13,4,8.0,99.1,10,1,Low,75.07,High
EMP0127,25,Female,Master's,Engineering,Mid,2,50951,65,5,218,37,13,4,2.3,84.9,2,0,High,47.74,Low
EMP0128,51,Female,Master's,Engineering,Mid,21,86990,11,6,173,37,6,4,9.1,100.0,20,0,Medium,57.85,Medium
EMP0129,43,Female,Master's,HR,Junior,16,52916,28,19,167,1,16,4,7.5,90.4,15,0,Low,77.23,High
EMP0130,46,Female,Diploma,Marketing,Junior,10,35720,91,19,144,14,0,4,10.0,90.4,8,1,Low,88.64,High
EMP0131,43,Male,Diploma,Engineering,Junior,9,49441,99,17,153,16,17,3,5.3,90.8,9,0,Medium,69.0,Medium
EMP0132,43,Female,Master's,Support,Mid,18,78335,67,7,215,16,6,4,3.9,90.6,14,0,Medium,60.07,Medium
EMP0133,25,Female,Bachelor's,Operations,Lead,1,99378,56,16,182,31,12,3,6.5,69.0,0,1,Medium,58.57,Medium
EMP0134,43,Female,Master's,HR,Senior,14,96500,62,9,212,27,18,4,6.1,88.5,13,0,Medium,64.23,Medium
EMP0135,52,Female,Diploma,Support,Mid,21,74447,43,17,216,8,5,2,7.5,79.1,19,0,Medium,70.02,Medium
EMP0136,33,Male,Bachelor's,Support,Mid,5,65881,28,17,143,24,8,4,8.1,100.0,3,1,Medium,69.35,Medium
EMP0137,44,Female,Bachelor's,Support,Mid,19,77452,43,9,170,38,16,3,6.4,100.0,19,0,Medium,53.57,Medium
EMP0138,23,Male,Bachelor's,Sales,Junior,0,36331,72,6,207,17,17,3,6.1,96.8,0,0,Medium,59.37,Medium
EMP0139,35,Female,Bachelor's,Support,Lead,10,114857,69,19,179,37,4,4,7.3,88.1,7,1,Low,75.07,High
EMP0140,38,Female,Master's,HR,Junior,11,38963,70,9,180,25,10,3,6.1,81.9,10,1,Medium,60.36,Medium
EMP0141,59,Female,Bachelor's,Operations,Senior,19,95645,64,9,185,36,6,5,6.0,84.7,17,1,Medium,64.37,Medium
EMP0142,30,Male,Master's,Support,Senior,3,65920,15,13,196,36,10,4,8.1,100.0,2,0,Medium,63.11,Medium
EMP0143,32,Female,PhD,Sales,Mid,6,66717,66,18,215,0,7,3,8.4,84.5,5,0,Low,75.5,High
EMP0144,37,Female,PhD,HR,Lead,8,99902,89,3,210,32,0,1,8.1,71.2,7,1,Medium,50.37,Medium
EMP0145,59,Male,Bachelor's,Engineering,Junior,16,55260,68,19,190,7,18,5,6.2,98.2,16,1,Low,92.88,High
EMP0146,54,Male,Bachelor's,Sales,Lead,25,132967,62,9,186,32,12,4,3.3,100.0,21,0,Medium,61.3,Medium
EMP0147,23,Female,Master's,Marketing,Senior,0,84818,30,1,168,32,9,4,6.3,100.0,0,0,Medium,54.57,Medium
EMP0148,30,Female,PhD,Operations,Senior,3,73967,81,6,149,10,2,3,5.4,98.3,0,0,Medium,62.7,Medium
EMP0149,53,Female,Bachelor's,Support,Senior,16,98678,50,9,196,2,1,4,6.3,99.6,16,0,Medium,67.26,Medium
EMP0150,24,Female,PhD,Marketing,Lead,1,114562,33,13,140,16,9,5,5.5,90.4,0,1,Medium,72.46,Medium
EMP0151,54,Male,Bachelor's,Marketing,Manager,14,160514,54,11,195,12,12,3,6.5,73.4,12,0,Medium,64.4,Medium
EMP0152,32,Female,PhD,HR,Mid,6,70098,20,3,179,22,5,2,4.9,90.2,3,0,High,41.68,Low
EMP0153,56,Male,Bachelor's,Support,Lead,18,124299,93,10,202,3,14,2,4.6,95.0,14,0,Medium,67.79,Medium
EMP0154,33,Female,Bachelor's,Support,Senior,4,76759,73,5,215,1,7,1,8.3,88.9,3,0,Medium,59.45,Medium
EMP0155,38,Male,Master's,Sales,Mid,9,71548,39,6,184,17,0,4,5.0,88.6,9,0,Medium,61.71,Medium
EMP0156,47,Female,Bachelor's,Sales,Manager,10,140735,81,14,185,30,10,5,6.5,82.3,10,0,Low,76.38,High
EMP0157,26,Male,Bachelor's,Finance,Mid,1,60684,14,16,178,12,3,5,7.9,82.0,0,0,Medium,73.67,Medium
EMP0158,43,Female,Bachelor's,Marketing,Mid,13,65537,44,3,169,12,0,4,7.9,100.0,13,0,Medium,63.79,Medium
EMP0159,41,Male,Bachelor's,Sales,Junior,17,54016,68,12,147,6,2,3,7.7,100.0,17,0,Medium,72.66,Medium
EMP0160,51,Male,Master's,Engineering,Junior,14,53113,12,9,142,11,5,5,7.0,90.0,14,1,Medium,70.83,Medium
EMP0161,59,Female,Bachelor's,Marketing,Lead,19,124770,73,7,197,11,10,3,7.6,92.3,18,0,Medium,65.97,Medium
EMP0162,47,Male,Master's,Marketing,Mid,21,84149,83,14,213,10,19,3,8.6,82.2,21,0,Low,76.3,High
EMP0163,37,Female,PhD,HR,Mid,13,65966,63,5,144,13,4,4,7.1,95.1,11,0,Medium,65.17,Medium
EMP0164,37,Female,Bachelor's,Sales,Junior,9,35053,28,15,166,11,1,1,3.7,100.0,6,0,Medium,52.44,Medium
EMP0165,37,Female,Bachelor's,Operations,Mid,8,77598,77,8,188,27,3,5,5.7,77.8,7,0,Medium,69.81,Medium
EMP0166,52,Male,PhD,Finance,Lead,17,140314,40,2,196,13,6,5,7.5,93.7,17,0,Medium,64.7,Medium
EMP0167,34,Male,PhD,HR,Lead,6,110779,76,16,198,30,4,4,5.6,94.3,4,0,Medium,70.57,Medium
EMP0168,28,Male,Master's,Sales,Junior,2,26808,66,17,195,24,6,4,8.9,94.2,2,0,Low,81.37,High
EMP0169,34,Female,PhD,HR,Mid,7,57214,18,11,146,25,19,3,6.4,100.0,4,0,Medium,53.72,Medium
EMP0170,22,Female,Bachelor's,Finance,Mid,0,59072,18,14,160,23,7,2,6.6,100.0,0,1,Medium,52.44,Medium
EMP0171,26,Female,Bachelor's,Marketing,Senior,0,90728,11,3,177,36,12,4,8.2,88.1,0,0,Medium,54.31,Medium
EMP0172,25,Female,Master's,Sales,Mid,2,47696,16,7,145,10,13,4,6.2,95.4,1,0,Medium,68.26,Medium
EMP0173,51,Male,Bachelor's,HR,Mid,16,73205,36,7,167,39,2,5,6.8,90.7,15,0,Medium,61.09,Medium
EMP0174,49,Male,Master's,Marketing,Mid,15,74567,12,15,170,8,4,2,7.8,84.9,15,1,Medium,60.87,Medium
EMP0175,48,Male,Master's,Marketing,Mid,20,85916,94,7,218,5,8,3,4.3,92.2,18,0,Medium,66.31,Medium
EMP0176,39,Male,Master's,Marketing,Mid,15,70251,92,14,165,33,9,3,6.1,95.4,15,1,Medium,65.79,Medium
EMP0177,49,Male,Bachelor's,Marketing,Mid,15,60489,25,6,217,35,0,4,7.7,91.7,12,0,Medium,59.14,Medium
EMP0178,28,Male,Bachelor's,Operations,Lead,4,109769,38,12,196,3,12,4,6.6,83.0,3,1,Medium,68.26,Medium
EMP0179,56,Male,Bachelor's,HR,Senior,19,111798,76,4,195,23,6,5,8.7,86.3,17,1,Medium,72.92,Medium
EMP0180,41,Male,Bachelor's,HR,Mid,8,63939,69,11,205,20,6,3,4.1,86.4,6,1,Medium,54.78,Medium
EMP0181,57,Female,Master's,Finance,Lead,26,134441,62,2,207,8,12,4,4.0,83.3,23,0,Medium,59.22,Medium
EMP0182,27,Female,Bachelor's,Marketing,Lead,0,96204,99,14,157,20,18,1,7.7,92.5,0,1,Medium,67.32,Medium
EMP0183,40,Female,Bachelor's,Engineering,Junior,10,40233,66,1,173,27,17,3,7.8,93.3,8,0,Medium,58.67,Medium
EMP0184,48,Male,Bachelor's,Operations,Mid,17,83611,70,19,182,22,19,3,6.2,97.8,13,0,Medium,74.59,High
EMP0185,40,Male,Bachelor's,Engineering,Junior,8,47699,55,16,218,20,8,4,7.1,83.1,7,0,Medium,73.66,Medium
EMP0186,38,Male,PhD,Finance,Senior,7,92322,57,11,143,35,2,4,7.6,85.4,4,0,Medium,65.88,Medium
EMP0187,28,Male,Bachelor's,Sales,Junior,3,50616,36,18,178,9,4,3,5.3,100.0,2,0,Medium,65.37,Medium
EMP0188,36,Female,Diploma,Sales,Senior,13,87161,56,16,157,24,6,4,5.4,88.7,10,0,Medium,67.05,Medium
EMP0189,31,Female,Bachelor's,Engineering,Junior,6,37783,92,3,156,12,6,5,6.8,90.2,4,0,Medium,70.77,Medium
EMP0190,33,Male,Master's,Support,Mid,6,63463,43,15,200,38,4,3,7.9,88.6,2,0,Medium,61.49,Medium
EMP0191,47,Male,Bachelor's,HR,Manager,10,137485,21,8,156,10,3,3,4.8,99.1,9,0,Medium,56.55,Medium
EMP0192,45,Male,Bachelor's,Marketing,Mid,17,81665,63,17,203,34,3,4,6.2,99.4,15,0,Low,76.16,High
EMP0193,45,Male,PhD,Operations,Lead,8,108100,80,17,219,25,13,4,6.1,98.9,8,1,Low,77.12,High
EMP0194,35,Female,Diploma,Engineering,Manager,8,131659,96,19,202,8,9,5,7.1,90.2,5,1,Low,86.79,High
EMP0195,58,Female,PhD,HR,Lead,28,134126,58,9,153,30,0,3,6.5,83.0,28,1,Medium,54.08,Medium
EMP0196,25,Female,Bachelor's,HR,Junior,3,39962,80,4,151,9,11,4,5.7,100.0,1,0,Medium,68.53,Medium
EMP0197,35,Female,Bachelor's,HR,Lead,7,115877,32,3,174,10,16,5,8.4,96.9,7,0,Medium,73.32,Medium
EMP0198,26,Female,Master's,Engineering,Junior,1,39345,48,4,184,13,8,3,5.7,86.3,0,0,Medium,55.63,Medium
EMP0199,34,Female,Bachelor's,Support,Mid,5,64689,47,19,202,27,6,4,6.1,100.0,3,0,Medium,73.38,Medium
EMP0200,58,Female,Master's,Sales,Lead,23,130162,39,12,173,15,5,5,4.1,85.7,22,0,Medium,66.61,Medium
EMP0201,35,Female,Master's,Finance,Senior,10,90494,74,7,153,22,7,2,5.4,100.0,9,1,Medium,58.8,Medium
EMP0202,56,Male,Master's,Operations,Mid,18,70870,89,9,219,22,5,4,7.3,100.0,18,0,Medium,69.41,Medium
EMP0203,40,Female,PhD,Marketing,Mid,13,72910,39,4,212,7,18,5,7.0,82.6,10,1,Medium,73.3,Medium
EMP0204,48,Female,Master's,Engineering,Lead,21,122535,22,11,192,9,19,3,7.4,94.7,18,0,Medium,59.97,Medium
EMP0205,39,Female,Bachelor's,Marketing,Senior,8,103118,84,9,195,12,6,4,7.3,96.3,6,0,Low,77.78,High
EMP0206,32,Female,Bachelor's,Operations,Mid,4,70537,86,16,214,8,18,4,9.6,100.0,4,1,Low,86.28,High
EMP0207,51,Female,Master's,Support,Lead,16,124262,94,1,177,36,17,5,5.4,84.1,16,1,Medium,63.92,Medium
EMP0208,58,Female,Bachelor's,Support,Junior,27,70427,32,18,151,15,1,5,4.1,100.0,24,0,Medium,72.03,Medium
EMP0209,32,Male,Bachelor's,Sales,Junior,6,41496,74,2,188,16,9,5,4.9,90.1,2,0,Medium,67.68,Medium
EMP0210,51,Female,Bachelor's,Finance,Senior,22,96311,74,8,176,26,13,2,5.4,80.1,18,0,Medium,54.79,Medium
EMP0211,31,Female,Master's,Sales,Manager,6,135470,81,7,203,31,8,4,5.0,89.0,4,0,Medium,66.18,Medium
EMP0212,49,Female,PhD,Finance,Junior,22,62211,82,14,201,27,9,5,6.6,90.0,20,0,Low,81.97,High
EMP0213,51,Male,Master's,Marketing,Junior,24,65635,95,13,177,22,9,4,8.4,81.5,24,1,Low,78.52,High
EMP0214,39,Female,Bachelor's,Finance,Junior,12,53156,52,4,169,39,13,4,8.8,92.5,12,0,Medium,67.67,Medium
EMP0215,50,Male,Bachelor's,Finance,Lead,23,134970,16,10,173,35,5,1,7.3,97.7,20,1,High,45.68,Low
EMP0216,32,Male,Master's,Support,Junior,10,41462,27,11,190,8,11,5,9.7,91.9,8,0,Low,81.72,High
EMP0217,25,Female,Bachelor's,HR,Mid,1,50735,89,9,190,6,4,1,6.0,85.7,0,0,Medium,59.74,Medium
EMP0218,25,Female,Master's,Marketing,Manager,1,142806,86,1,180,15,17,3,4.1,88.8,0,1,Medium,54.77,Medium
EMP0219,38,Female,Master's,HR,Junior,13,56767,10,4,182,33,1,5,8.1,90.0,12,0,Medium,61.49,Medium
EMP0220,56,Male,Bachelor's,Sales,Mid,23,79473,43,10,219,38,1,5,3.7,91.7,19,1,Medium,62.11,Medium
EMP0221,26,Female,Bachelor's,Engineering,Mid,0,54142,32,5,160,28,0,5,5.4,98.9,0,0,Medium,62.09,Medium
EMP0222,39,Female,Bachelor's,HR,Lead,10,111178,38,11,153,27,6,4,7.3,92.2,7,0,Medium,66.87,Medium
EMP0223,48,Female,PhD,Operations,Mid,24,84052,67,4,203,9,12,3,6.3,78.8,23,0,Medium,62.82,Medium
EMP0224,29,Female,Master's,HR,Mid,4,63581,55,14,214,23,19,4,6.2,85.5,1,0,Medium,68.15,Medium
EMP0225,49,Male,Bachelor's,Operations,Junior,20,79279,53,4,188,7,9,2,4.7,91.3,19,0,High,43.46,Low
EMP0226,33,Female,PhD,Sales,Senior,8,91118,49,13,172,21,3,5,6.5,99.0,6,0,Low,79.73,High
EMP0227,52,Male,Bachelor's,HR,Senior,26,116500,67,16,167,7,7,4,8.0,100.0,26,1,Low,80.41,High
EMP0228,44,Female,Bachelor's,Finance,Junior,12,35908,71,7,177,3,2,4,6.5,100.0,9,1,Medium,70.68,Medium
EMP0229,42,Male,Diploma,Marketing,Mid,16,70320,13,3,144,38,9,2,5.3,91.0,16,0,High,35.58,Low
EMP0230,28,Male,Bachelor's,Engineering,Lead,5,115830,22,1,182,35,14,4,4.6,96.1,2,0,High,47.91,Low
EMP0231,39,Female,Bachelor's,Engineering,Junior,14,55018,40,7,161,27,0,5,5.3,78.4,11,1,Medium,60.17,Medium
EMP0232,54,Female,Master's,Support,Junior,28,33487,49,3,161,25,15,4,7.1,93.4,28,1,Medium,59.35,Medium
EMP0233,22,Female,Bachelor's,Finance,Mid,0,60392,99,17,184,9,4,2,7.0,81.4,0,0,Medium,69.51,Medium
EMP0234,50,Female,Master's,Sales,Mid,18,91945,90,19,217,22,13,3,5.3,89.5,17,0,Medium,72.86,Medium
EMP0235,40,Female,Bachelor's,Sales,Junior,6,26232,68,19,156,29,16,3,3.2,100.0,4,0,Medium,69.69,Medium
EMP0236,49,Male,Bachelor's,Engineering,Mid,22,93555,13,18,212,21,15,2,7.1,92.4,22,0,Medium,60.72,Medium
EMP0237,47,Male,Bachelor's,Support,Junior,12,27224,19,12,181,11,13,5,5.2,83.1,9,1,Medium,70.33,Medium
EMP0238,38,Male,Bachelor's,Engineering,Mid,11,75703,51,7,217,15,13,4,7.5,93.3,9,0,Medium,67.01,Medium
EMP0239,33,Male,Bachelor's,Operations,Senior,9,90730,62,9,170,33,3,2,5.4,85.9,8,0,Medium,51.8,Medium
EMP0240,45,Male,Bachelor's,Sales,Mid,13,51800,69,5,219,10,2,4,5.0,82.3,9,0,Medium,65.22,Medium
EMP0241,27,Female,PhD,Marketing,Junior,0,38569,22,16,192,38,7,3,6.7,100.0,0,0,Medium,57.22,Medium
EMP0242,44,Female,Bachelor's,Sales,Lead,9,120006,89,9,193,30,12,3,10.0,98.5,6,0,Medium,71.1,Medium
EMP0243,25,Female,Bachelor's,Operations,Junior,2,40311,54,8,185,35,12,4,7.6,92.8,2,0,Medium,67.03,Medium
EMP0244,46,Male,Bachelor's,Engineering,Senior,15,102678,63,14,176,20,15,1,6.7,86.9,13,0,Medium,59.66,Medium
EMP0245,45,Female,Bachelor's,Marketing,Mid,11,64906,13,8,182,8,6,4,7.0,87.5,8,1,Medium,63.28,Medium
EMP0246,25,Female,Bachelor's,Sales,Senior,1,66308,84,7,208,1,17,5,3.9,100.0,0,1,Medium,71.81,Medium
EMP0247,50,Female,Master's,Sales,Junior,15,58534,58,5,203,21,8,5,4.8,92.5,12,0,Medium,64.79,Medium
EMP0248,37,Male,Bachelor's,Sales,Junior,12,63398,30,2,141,15,4,3,2.7,65.3,12,0,High,38.12,Low
EMP0249,51,Male,PhD,Support,Mid,16,83236,38,1,195,4,14,4,9.1,100.0,13,1,Medium,68.88,Medium
EMP0250,23,Female,Diploma,Marketing,Junior,0,25000,41,8,206,37,2,3,8.8,91.5,0,1,Medium,59.99,Medium
EMP0251,28,Male,Bachelor's,Marketing,Junior,2,25280,12,19,199,38,8,4,7.1,92.7,1,1,Medium,63.84,Medium
EMP0252,40,Male,Bachelor's,Marketing,Senior,11,86432,94,5,179,14,15,3,6.7,98.7,7,0,Medium,68.28,Medium
EMP0253,29,Male,Bachelor's,Support,Lead,4,92056,82,13,166,26,15,4,4.2,93.7,0,0,Medium,69.26,Medium
EMP0254,34,Female,Master's,Marketing,Junior,9,46153,89,7,193,16,5,3,6.2,96.0,5,1,Medium,67.17,Medium
EMP0255,47,Female,Bachelor's,Marketing,Lead,14,119947,41,6,193,19,3,5,9.2,86.6,13,0,Medium,68.69,Medium
EMP0256,27,Male,PhD,Marketing,Senior,3,72157,60,4,169,24,0,5,6.7,80.2,0,0,Medium,65.67,Medium
EMP0257,47,Male,Master's,Marketing,Lead,13,121817,51,11,172,16,1,3,5.7,92.2,10,0,Medium,63.36,Medium
EMP0258,25,Female,PhD,Engineering,Senior,1,86008,52,13,169,32,16,4,3.9,100.0,0,0,Medium,67.09,Medium
EMP0259,28,Female,Master's,Finance,Senior,5,81614,63,7,143,7,15,2,8.6,84.8,1,0,Medium,62.05,Medium
EMP0260,44,Female,Diploma,Engineering,Mid,10,65619,50,11,142,26,10,4,6.4,84.2,6,0,Medium,66.33,Medium
EMP0261,52,Male,Bachelor's,Sales,Senior,25,94401,79,10,146,39,11,3,3.9,99.8,25,0,Medium,60.0,Medium
EMP0262,28,Female,Bachelor's,Sales,Lead,3,100941,15,6,173,34,6,2,5.1,86.3,0,0,High,40.81,Low
EMP0263,33,Male,Bachelor's,Marketing,Junior,4,39859,27,14,180,1,3,4,4.6,86.7,2,0,Medium,69.95,Medium
EMP0264,57,Female,Diploma,Operations,Mid,17,76749,90,11,172,4,0,4,6.3,87.0,14,1,Low,80.01,High
EMP0265,59,Male,Master's,Finance,Junior,14,54831,89,2,216,25,13,4,6.8,89.5,12,0,Medium,69.77,Medium
EMP0266,44,Male,PhD,Support,Manager,17,152353,83,10,157,36,0,4,5.7,77.4,16,0,Medium,65.34,Medium
EMP0267,38,Male,Bachelor's,Marketing,Mid,11,66085,43,8,171,33,2,2,7.7,85.7,11,0,Medium,59.54,Medium
EMP0268,35,Male,Diploma,Support,Senior,6,89489,51,16,159,36,15,2,6.6,91.8,4,0,Medium,55.77,Medium
EMP0269,45,Female,Bachelor's,Engineering,Lead,19,130816,12,6,163,5,11,4,8.1,91.8,15,0,Medium,71.39,Medium
EMP0270,44,Male,Bachelor's,HR,Manager,16,148436,35,19,186,20,9,4,6.0,99.3,12,0,Medium,73.7,Medium
EMP0271,33,Male,Diploma,Operations,Junior,10,49540,75,12,164,29,4,1,10.0,100.0,9,1,Medium,67.02,Medium
EMP0272,22,Male,Bachelor's,HR,Senior,0,78510,40,3,165,24,2,3,5.7,100.0,0,0,Medium,52.69,Medium
EMP0273,27,Female,Bachelor's,Support,Lead,5,100825,53,8,193,31,9,4,5.1,97.3,4,1,Medium,63.53,Medium
EMP0274,58,Female,Master's,Marketing,Junior,28,72783,21,17,206,8,7,4,5.0,88.8,26,0,Medium,71.5,Medium
EMP0275,37,Female,Bachelor's,Engineering,Senior,9,86358,54,5,157,18,10,5,6.2,85.0,8,0,Medium,64.24,Medium
EMP0276,40,Female,Bachelor's,Operations,Mid,11,71289,74,14,148,17,3,4,3.9,90.1,9,0,Medium,68.18,Medium
EMP0277,39,Female,Bachelor's,Engineering,Senior,13,95826,61,15,159,37,4,4,6.9,94.7,11,0,Medium,62.73,Medium
EMP0278,51,Female,Bachelor's,Operations,Mid,12,66968,60,14,186,8,2,4,3.6,96.6,9,1,Medium,68.66,Medium
EMP0279,24,Male,PhD,Operations,Junior,1,33574,92,2,216,13,8,3,6.7,95.0,0,1,Medium,62.25,Medium
EMP0280,25,Female,Master's,Operations,Junior,3,34535,31,8,152,0,5,2,4.5,89.0,1,0,Medium,52.35,Medium
EMP0281,32,Female,Bachelor's,HR,Junior,4,26633,36,7,143,6,4,1,5.9,96.3,1,0,Medium,59.17,Medium
EMP0282,40,Female,Bachelor's,Support,Junior,15,56063,66,7,182,39,10,5,7.4,100.0,13,0,Low,75.35,High
EMP0283,47,Male,Bachelor's,Sales,Senior,20,105852,53,17,219,33,9,3,10.0,97.0,18,0,Medium,67.68,Medium
EMP0284,40,Female,Master's,HR,Mid,8,71397,98,1,184,10,4,4,4.9,89.7,8,0,Medium,67.87,Medium
EMP0285,38,Male,Diploma,Engineering,Junior,12,45148,15,11,213,28,13,4,6.3,83.3,8,0,Medium,60.99,Medium
EMP0286,57,Male,Diploma,Operations,Senior,30,131163,21,19,191,23,6,3,5.4,83.1,30,0,Medium,58.9,Medium
EMP0287,28,Female,Bachelor's,Finance,Senior,4,81762,40,17,142,36,6,5,5.2,84.6,0,1,Medium,68.37,Medium
EMP0288,43,Male,Bachelor's,Operations,Mid,9,58799,51,12,174,12,9,4,5.4,92.1,6,0,Medium,69.09,Medium
EMP0289,42,Male,Bachelor's,Operations,Manager,10,134050,90,19,201,39,2,1,7.7,94.2,6,1,Medium,58.49,Medium
EMP0290,39,Female,Master's,Marketing,Mid,12,55528,54,8,180,14,8,4,5.8,78.7,12,0,Medium,60.91,Medium
EMP0291,52,Male,Bachelor's,Engineering,Lead,14,129061,49,12,155,28,11,4,9.9,86.0,13,0,Medium,72.57,Medium
EMP0292,32,Female,Master's,Support,Junior,4,50768,25,11,154,15,2,3,7.1,91.9,4,0,Medium,61.53,Medium
EMP0293,58,Male,Master's,HR,Senior,14,101605,49,1,193,26,11,4,5.0,82.8,12,1,Medium,51.89,Medium
EMP0294,34,Male,Bachelor's,Engineering,Manager,5,128831,57,1,177,13,0,4,5.9,93.5,1,0,Medium,59.49,Medium
EMP0295,42,Female,Bachelor's,Support,Lead,14,131290,62,18,185,33,12,3,5.3,87.5,11,1,Medium,63.01,Medium
EMP0296,41,Female,Bachelor's,Support,Mid,14,68986,64,4,169,25,0,5,7.7,84.2,11,0,Medium,72.04,Medium
EMP0297,54,Male,Bachelor's,HR,Senior,23,105447,48,7,167,11,3,4,4.0,90.4,19,0,Medium,61.03,Medium
EMP0298,38,Female,Bachelor's,Operations,Mid,11,79698,24,12,193,38,7,4,4.5,93.1,11,1,Medium,60.93,Medium
EMP0299,32,Female,Master's,Engineering,Senior,5,91271,23,11,140,28,12,2,5.6,83.2,2,1,High,46.29,Low
EMP0300,22,Male,Bachelor's,Engineering,Senior,0,97608,23,10,174,17,14,3,7.5,88.1,0,0,Medium,60.49,Medium
EMP0301,35,Female,Bachelor's,Sales,Manager,6,139189,65,19,169,5,9,4,8.3,93.7,3,1,Low,82.34,High
EMP0302,53,Male,Master's,Finance,Mid,15,69823,87,15,202,38,2,4,8.6,83.9,12,0,Low,76.35,High
EMP0303,22,Female,Master's,Engineering,Junior,1,31305,89,18,198,30,7,4,7.3,76.7,0,0,Medium,73.11,Medium
EMP0304,56,Female,Bachelor's,Engineering,Mid,16,59424,38,13,174,26,15,4,6.4,77.7,14,1,Medium,69.19,Medium
EMP0305,42,Female,PhD,Finance,Junior,8,42371,17,19,161,33,1,3,7.7,86.7,5,1,Medium,56.88,Medium
EMP0306,27,Female,Diploma,Operations,Junior,1,45356,66,12,158,24,14,4,4.8,79.5,0,0,Medium,69.57,Medium
EMP0307,33,Male,Master's,Operations,Mid,6,66990,13,11,156,9,7,5,3.7,87.2,3,1,Medium,63.7,Medium
EMP0308,43,Male,Master's,Operations,Senior,15,98162,66,16,161,9,0,4,7.2,100.0,13,1,Low,80.71,High
EMP0309,33,Male,Bachelor's,Operations,Junior,10,39040,44,17,200,3,13,4,5.0,79.0,9,1,Medium,74.45,High
EMP0310,26,Female,Diploma,Finance,Junior,3,40414,85,2,143,2,0,5,6.4,87.7,2,1,Low,77.28,High
EMP0311,47,Female,Bachelor's,HR,Junior,17,63502,66,18,142,29,7,2,6.7,100.0,16,1,Medium,62.36,Medium
EMP0312,47,Male,Diploma,Operations,Lead,11,116645,76,14,183,34,3,4,6.9,93.3,8,1,Medium,73.0,Medium
EMP0313,26,Female,Master's,Marketing,Senior,1,82533,46,18,157,6,11,5,7.9,87.1,0,1,Low,88.37,High
EMP0314,32,Female,Bachelor's,Engineering,Junior,4,33424,85,14,206,22,1,4,7.7,88.7,4,0,Medium,73.79,Medium
EMP0315,31,Female,Bachelor's,Operations,Junior,5,47937,57,18,200,4,1,3,6.8,93.4,5,0,Low,80.02,High
EMP0316,47,Male,Master's,Sales,Mid,14,46744,66,6,201,16,10,5,5.8,100.0,12,0,Medium,73.16,Medium
EMP0317,49,Female,Master's,Support,Junior,17,58462,42,4,176,31,19,3,6.7,85.8,14,1,Medium,51.52,Medium
EMP0318,49,Female,Bachelor's,Marketing,Mid,13,91162,50,4,175,32,0,3,5.6,83.9,13,0,High,48.61,Low
EMP0319,57,Male,Master's,Operations,Mid,25,72933,85,5,174,37,9,3,6.2,79.0,24,1,Medium,55.83,Medium
EMP0320,51,Male,PhD,Engineering,Manager,25,158069,45,5,155,12,16,4,10.0,90.8,25,0,Medium,65.25,Medium
EMP0321,34,Male,Bachelor's,Finance,Junior,10,46936,11,9,185,37,5,4,6.8,78.8,10,1,Medium,53.32,Medium
EMP0322,26,Male,Bachelor's,HR,Senior,2,78699,44,4,209,31,9,4,7.2,86.3,2,0,Medium,58.41,Medium
EMP0323,45,Female,Bachelor's,HR,Junior,15,61290,45,4,160,13,16,5,5.4,82.7,12,1,Medium,61.48,Medium
EMP0324,56,Female,Master's,Sales,Manager,14,150579,47,10,144,13,14,4,8.0,98.6,10,1,Medium,74.33,High
EMP0325,59,Female,Bachelor's,Support,Manager,25,161218,16,16,185,4,5,4,7.6,85.9,23,0,Medium,70.83,Medium
EMP0326,30,Male,PhD,Marketing,Senior,4,91178,21,3,171,36,15,5,7.7,93.2,4,0,Medium,58.87,Medium
EMP0327,30,Female,Bachelor's,Operations,Mid,4,59934,39,10,203,8,13,5,6.8,77.2,0,0,Medium,70.55,Medium
EMP0328,23,Male,Master's,Marketing,Junior,0,60438,48,13,208,10,10,3,8.1,91.1,0,1,Medium,70.38,Medium
EMP0329,27,Female,Bachelor's,Engineering,Lead,4,106010,12,14,216,16,8,1,8.4,80.4,4,1,Medium,52.38,Medium
EMP0330,43,Male,Bachelor's,Support,Senior,16,100762,45,2,171,5,18,4,6.9,86.6,16,0,Medium,61.69,Medium
EMP0331,42,Male,Master's,Sales,Junior,12,35716,38,14,212,32,17,5,6.3,100.0,11,0,Medium,71.18,Medium
EMP0332,36,Female,Bachelor's,Sales,Mid,8,60252,13,1,149,27,19,4,7.8,97.5,5,0,Medium,56.02,Medium
EMP0333,33,Male,Master's,Support,Mid,7,72579,32,5,169,6,13,3,5.1,89.0,6,0,Medium,52.18,Medium
EMP0334,53,Female,Diploma,Support,Lead,19,112116,34,7,161,6,7,4,5.4,100.0,17,1,Medium,63.78,Medium
EMP0335,39,Female,Diploma,Support,Senior,9,73539,22,17,213,0,2,4,6.4,82.7,8,0,Medium,72.99,Medium
EMP0336,52,Female,PhD,Marketing,Senior,18,101858,77,4,188,37,2,4,3.9,99.3,14,1,Medium,59.71,Medium
EMP0337,58,Female,Bachelor's,Operations,Senior,28,124565,16,15,169,17,19,5,7.7,77.7,25,1,Medium,70.77,Medium
EMP0338,34,Male,Master's,Marketing,Junior,2,37739,62,19,152,26,7,4,5.1,88.0,0,1,Medium,72.48,Medium
EMP0339,29,Female,PhD,Operations,Mid,5,58311,69,19,202,5,2,4,5.8,79.2,3,0,Medium,73.89,Medium
EMP0340,58,Male,Bachelor's,HR,Junior,19,42932,82,6,192,9,4,4,6.2,92.1,17,0,Medium,67.92,Medium
EMP0341,46,Female,Bachelor's,Engineering,Senior,17,104018,59,2,208,21,0,4,6.6,90.4,13,1,Medium,61.11,Medium
EMP0342,33,Male,PhD,Marketing,Mid,8,69890,58,5,175,8,10,4,6.0,87.5,5,1,Medium,70.07,Medium
EMP0343,45,Male,Bachelor's,HR,Mid,17,61146,78,15,151,24,11,4,6.4,98.7,13,1,Low,75.04,High
EMP0344,41,Female,Master's,Sales,Junior,13,59676,86,4,166,36,7,4,6.4,85.5,13,0,Medium,61.7,Medium
EMP0345,56,Male,Diploma,Marketing,Junior,29,75925,28,13,189,12,14,4,5.8,92.6,25,0,Medium,71.07,Medium
EMP0346,31,Female,Master's,HR,Mid,5,70058,81,8,159,24,9,4,5.3,96.6,1,1,Medium,66.38,Medium
EMP0347,59,Female,Bachelor's,Engineering,Junior,28,73268,51,15,145,36,19,2,8.1,78.1,25,1,Medium,64.52,Medium
EMP0348,57,Female,Bachelor's,Sales,Junior,26,71429,18,12,205,35,15,4,3.3,84.0,22,0,Medium,50.62,Medium
EMP0349,28,Female,Bachelor's,Operations,Senior,2,86565,65,12,182,0,1,4,6.2,90.4,0,1,Medium,71.67,Medium
EMP0350,28,Female,Bachelor's,Marketing,Mid,3,65547,97,15,171,4,5,3,5.8,95.0,2,0,Low,75.15,High
EMP0351,42,Male,Master's,Finance,Mid,12,54849,22,19,184,39,15,3,7.1,100.0,9,0,Medium,61.25,Medium
EMP0352,23,Male,PhD,HR,Mid,0,42991,11,7,199,37,10,3,4.3,88.3,0,0,High,42.07,Low
EMP0353,33,Male,Bachelor's,HR,Lead,5,100111,92,11,140,12,15,5,5.8,87.5,5,1,Low,86.58,High
EMP0354,38,Female,Bachelor's,Marketing,Mid,7,62361,63,12,175,20,6,5,6.3,83.0,6,0,Medium,74.46,High
EMP0355,58,Male,PhD,HR,Senior,26,114305,29,16,160,22,0,4,8.1,92.6,25,0,Medium,72.33,Medium
EMP0356,59,Male,Bachelor's,Operations,Manager,19,155397,81,10,147,26,15,4,7.0,87.6,17,0,Medium,68.9,Medium
EMP0357,27,Male,Master's,Support,Senior,4,93736,45,8,142,30,15,4,4.7,87.8,4,0,Medium,56.09,Medium
EMP0358,55,Male,Bachelor's,Sales,Mid,18,85787,39,17,175,14,12,4,5.8,89.2,15,0,Medium,73.16,Medium
EMP0359,25,Male,Master's,Finance,Senior,4,77820,36,19,183,35,8,5,7.8,94.4,4,0,Medium,70.63,Medium
EMP0360,50,Male,Bachelor's,Support,Mid,11,70108,63,11,180,2,0,2,4.7,85.5,7,1,Medium,56.0,Medium
EMP0361,54,Male,Master's,Engineering,Mid,20,72217,22,2,202,1,14,1,6.4,83.8,17,0,High,44.18,Low
EMP0362,55,Male,Bachelor's,Operations,Mid,14,70294,42,6,176,38,13,4,6.5,93.5,13,0,Medium,62.38,Medium
EMP0363,30,Male,Master's,HR,Mid,4,62374,37,9,187,7,13,3,5.9,65.8,3,0,Medium,56.1,Medium
EMP0364,55,Male,Bachelor's,Support,Junior,18,29330,15,14,205,39,3,4,10.0,85.2,15,1,Medium,67.03,Medium
EMP0365,26,Female,Bachelor's,Finance,Mid,3,77889,78,13,192,11,14,4,5.9,80.8,3,1,Medium,72.7,Medium
EMP0366,41,Male,Master's,Operations,Junior,13,55131,10,16,212,14,14,2,7.2,99.6,10,1,Medium,63.23,Medium
EMP0367,39,Male,Bachelor's,Sales,Mid,11,63434,96,1,157,1,17,4,5.4,86.5,9,1,Medium,63.92,Medium
EMP0368,34,Male,Bachelor's,Engineering,Mid,7,78818,18,9,202,37,11,4,7.3,85.5,6,0,Medium,59.83,Medium
EMP0369,22,Female,Bachelor's,Support,Manager,1,128420,42,14,195,14,14,5,7.8,89.6,0,0,Low,76.74,High
EMP0370,51,Female,Bachelor's,HR,Junior,18,57660,18,19,186,6,8,4,5.6,85.2,15,0,Medium,72.2,Medium
EMP0371,34,Female,Bachelor's,HR,Senior,6,83303,43,3,140,19,13,3,6.4,86.8,6,1,Medium,52.31,Medium
EMP0372,47,Male,Diploma,Sales,Mid,13,83815,64,17,183,6,13,4,5.2,90.8,10,1,Medium,74.94,High
EMP0373,37,Male,Bachelor's,Sales,Junior,5,40160,17,1,208,31,15,4,4.8,86.6,3,1,High,47.83,Low
EMP0374,36,Male,PhD,Operations,Junior,8,45795,57,4,191,2,17,4,8.1,86.6,5,0,Medium,67.23,Medium
EMP0375,55,Female,Diploma,Marketing,Junior,29,79430,79,17,140,19,0,4,5.7,81.9,27,0,Medium,69.69,Medium
EMP0376,25,Female,Bachelor's,Finance,Junior,0,39681,50,15,163,15,15,3,2.9,80.8,0,0,Medium,56.18,Medium
EMP0377,49,Female,Master's,Marketing,Junior,10,46565,20,19,185,1,15,4,9.1,90.5,6,0,Low,79.16,High
EMP0378,50,Female,PhD,Sales,Mid,25,93883,72,12,204,2,10,4,5.3,92.5,25,1,Medium,71.5,Medium
EMP0379,36,Female,Master's,Sales,Mid,5,81307,26,12,175,20,10,3,6.1,78.6,3,1,Medium,55.9,Medium
EMP0380,31,Female,Bachelor's,Support,Junior,6,44739,11,11,208,15,14,4,9.0,96.1,5,0,Medium,62.91,Medium
EMP0381,22,Female,Bachelor's,Support,Junior,0,35934,49,10,203,5,9,5,6.3,96.1,0,1,Medium,74.5,High
EMP0382,57,Male,Bachelor's,Engineering,Junior,28,69965,34,10,161,5,8,4,6.3,97.8,28,0,Medium,71.69,Medium
EMP0383,58,Male,Master's,Marketing,Mid,27,97883,12,6,155,32,16,3,4.7,92.4,25,0,High,48.68,Low
EMP0384,31,Female,Diploma,HR,Mid,5,56206,79,17,212,29,15,4,4.0,95.1,5,0,Medium,69.35,Medium
EMP0385,23,Male,Diploma,Marketing,Mid,0,52773,63,7,187,24,4,3,6.3,100.0,0,0,Medium,62.03,Medium
EMP0386,26,Male,Bachelor's,Operations,Junior,2,25100,91,12,207,33,16,4,7.0,87.6,0,1,Medium,69.06,Medium
EMP0387,24,Female,Master's,Sales,Junior,0,25529,53,13,213,2,6,4,7.0,81.6,0,1,Low,78.31,High
EMP0388,53,Male,Bachelor's,Engineering,Manager,25,155857,49,11,173,27,2,3,5.8,77.7,21,1,Medium,63.31,Medium
EMP0389,55,Female,Diploma,Marketing,Junior,28,68152,85,12,143,30,17,3,6.5,100.0,25,0,Medium,67.74,Medium
EMP0390,27,Female,Bachelor's,Finance,Junior,1,50352,17,1,212,8,4,5,3.7,100.0,0,0,Medium,66.47,Medium
EMP0391,50,Male,Diploma,Sales,Junior,11,52487,42,7,186,21,4,3,7.2,82.6,8,0,Medium,56.05,Medium
EMP0392,28,Female,PhD,Operations,Manager,4,127503,81,9,149,30,5,5,6.7,84.2,1,0,Medium,68.68,Medium
EMP0393,35,Female,Bachelor's,Engineering,Senior,10,86176,36,8,182,24,9,4,9.5,87.4,10,0,Medium,65.38,Medium
EMP0394,44,Female,Bachelor's,Engineering,Senior,15,108997,89,18,142,9,3,4,6.5,99.8,14,0,Low,81.91,High
EMP0395,49,Male,PhD,HR,Manager,21,164212,35,18,163,26,3,2,5.1,79.7,17,1,Medium,61.34,Medium
EMP0396,55,Female,Bachelor's,HR,Junior,20,59225,47,14,167,30,7,3,6.4,74.3,19,0,Medium,58.15,Medium
EMP0397,23,Female,Master's,Marketing,Manager,1,127659,90,7,176,0,4,3,6.0,100.0,1,1,Medium,68.17,Medium
EMP0398,29,Female,Diploma,Sales,Junior,4,48799,31,1,185,22,3,4,7.2,92.5,0,0,Medium,55.48,Medium
EMP0399,32,Male,Master's,Engineering,Senior,5,78053,97,15,207,20,18,5,6.5,93.6,1,1,Low,86.26,High
EMP0400,33,Male,Bachelor's,Finance,Mid,4,62936,13,17,168,14,11,5,4.6,88.4,1,1,Medium,71.65,Medium
EMP0401,59,Female,Bachelor's,Marketing,Mid,17,93581,33,10,198,1,0,1,4.0,93.7,14,1,High,47.8,Low
EMP0402,51,Male,Bachelor's,Engineering,Manager,24,160442,63,16,215,3,2,3,6.9,77.9,23,1,Medium,65.56,Medium
EMP0403,34,Male,Diploma,Marketing,Junior,8,38395,63,18,199,30,16,3,8.6,83.3,7,1,Medium,66.76,Medium
EMP0404,58,Male,Bachelor's,Support,Manager,23,160882,91,11,160,33,5,5,6.6,90.8,19,1,Low,80.63,High
EMP0405,40,Male,Bachelor's,Sales,Mid,10,63239,96,4,194,16,3,3,7.7,71.8,6,1,Medium,66.64,Medium
EMP0406,41,Male,Bachelor's,Support,Senior,14,85647,71,1,162,37,13,3,8.0,87.6,12,1,Medium,56.49,Medium
EMP0407,38,Male,Diploma,Sales,Manager,12,150008,69,15,178,37,16,4,6.9,87.1,11,0,Medium,74.82,High
EMP0408,27,Female,Bachelor's,Sales,Junior,5,49942,38,11,190,26,7,4,5.3,87.6,5,0,Medium,67.06,Medium
EMP0409,57,Male,PhD,Sales,Manager,23,155112,82,3,163,23,14,3,6.8,85.6,23,0,Medium,60.13,Medium
EMP0410,22,Male,Master's,Marketing,Mid,0,51982,67,2,140,38,8,4,8.3,82.0,0,1,Medium,60.9,Medium
EMP0411,28,Male,PhD,Engineering,Senior,5,78307,12,19,206,24,2,2,7.3,75.4,3,1,Medium,54.21,Medium
EMP0412,30,Female,Diploma,Finance,Junior,4,38600,84,7,198,37,15,1,7.6,91.2,1,1,Medium,51.63,Medium
EMP0413,32,Male,PhD,Marketing,Mid,7,58901,42,7,149,39,18,2,5.8,87.6,3,0,High,42.08,Low
EMP0414,27,Female,Diploma,Operations,Senior,2,74311,52,12,170,7,19,3,6.2,79.0,1,0,Medium,59.83,Medium
EMP0415,22,Female,Bachelor's,HR,Mid,0,70137,53,7,160,26,2,5,6.3,90.5,0,0,Medium,62.71,Medium
EMP0416,47,Female,Master's,HR,Junior,13,54331,83,18,218,29,11,4,6.4,87.6,9,1,Low,77.89,High
EMP0417,58,Female,Master's,HR,Junior,23,67179,34,13,215,32,12,4,8.3,86.3,20,0,Medium,61.71,Medium
EMP0418,26,Male,Master's,Sales,Lead,2,109467,45,7,195,13,1,3,3.0,72.7,0,0,Medium,56.5,Medium
EMP0419,33,Female,PhD,Finance,Junior,8,50768,13,6,175,34,19,4,6.5,95.5,8,0,Medium,53.08,Medium
EMP0420,41,Male,Diploma,Engineering,Senior,9,87495,41,17,144,19,2,5,6.4,80.1,7,1,Low,79.18,High
EMP0421,57,Female,Master's,Operations,Manager,19,154980,17,12,159,15,5,3,4.4,90.5,16,1,Medium,54.08,Medium
EMP0422,48,Female,Bachelor's,Support,Junior,21,58047,62,18,147,6,19,5,7.5,83.5,17,0,Low,79.13,High
EMP0423,51,Female,Bachelor's,Operations,Junior,17,58907,90,7,203,12,11,4,5.4,86.9,15,0,Medium,73.44,Medium
EMP0424,44,Female,Bachelor's,HR,Senior,17,103133,51,1,147,38,13,4,6.0,99.2,15,0,Medium,59.99,Medium
EMP0425,37,Male,Bachelor's,Marketing,Junior,7,40338,92,18,194,28,9,3,9.3,94.3,6,1,Low,75.33,High
EMP0426,29,Female,Bachelor's,Support,Mid,4,49165,97,5,216,29,15,4,8.0,99.0,2,1,Medium,70.91,Medium
EMP0427,54,Female,Bachelor's,Sales,Senior,22,107569,14,17,164,35,1,4,7.4,92.6,22,0,Medium,62.07,Medium
EMP0428,52,Female,Bachelor's,HR,Mid,23,80965,56,14,194,10,13,5,7.1,93.2,23,1,Low,79.22,High
EMP0429,22,Male,Master's,Operations,Mid,0,39877,57,5,210,26,1,5,6.3,75.8,0,1,Medium,65.09,Medium
EMP0430,49,Female,Bachelor's,Support,Senior,22,110461,44,15,174,14,3,3,9.5,87.5,21,0,Medium,70.42,Medium
EMP0431,25,Male,Diploma,Support,Mid,1,63922,84,2,175,33,10,5,7.7,88.2,0,0,Medium,64.02,Medium
EMP0432,50,Male,Master's,Engineering,Junior,19,78026,45,8,156,16,8,5,5.4,99.8,18,0,Medium,67.78,Medium
EMP0433,53,Male,Bachelor's,Support,Mid,21,77070,14,7,174,34,3,4,4.4,86.0,17,0,Medium,52.66,Medium
EMP0434,26,Female,Bachelor's,Engineering,Lead,0,95690,59,13,209,29,15,2,7.4,92.1,0,0,Medium,59.34,Medium
EMP0435,38,Male,Bachelor's,Finance,Senior,9,81924,28,11,193,30,6,3,6.4,91.8,9,0,Medium,55.54,Medium
EMP0436,26,Male,Diploma,Support,Mid,0,56669,41,12,156,37,17,2,4.4,99.3,0,0,High,46.8,Low
EMP0437,43,Male,Bachelor's,Finance,Mid,10,68618,55,10,182,31,0,2,7.1,88.9,6,0,Medium,53.7,Medium
EMP0438,57,Female,Master's,Support,Junior,24,57309,75,15,196,12,4,5,6.1,96.6,24,0,Low,85.42,High
EMP0439,25,Male,Diploma,Marketing,Junior,0,33600,35,4,146,20,5,3,7.3,76.4,0,0,Medium,50.89,Medium
EMP0440,37,Female,Diploma,Marketing,Junior,5,25170,44,14,201,18,11,4,7.2,77.1,4,0,Medium,70.73,Medium
EMP0441,58,Female,Bachelor's,Marketing,Manager,13,153011,16,1,156,2,8,4,5.6,71.7,10,0,Medium,54.75,Medium
EMP0442,33,Female,Bachelor's,Marketing,Junior,4,33634,44,2,163,23,3,4,7.4,96.3,2,0,Medium,62.33,Medium
EMP0443,27,Female,Bachelor's,Finance,Lead,3,103322,62,14,173,17,11,3,5.8,95.4,0,1,Medium,64.26,Medium
EMP0444,40,Male,Bachelor's,HR,Junior,13,39186,65,4,180,15,19,4,5.9,97.2,12,0,Medium,64.32,Medium
EMP0445,41,Male,Bachelor's,Operations,Junior,9,41141,36,15,213,4,2,4,5.7,84.6,8,0,Medium,69.72,Medium
EMP0446,47,Male,Master's,Marketing,Mid,20,76763,15,3,157,20,5,4,8.2,85.5,17,0,Medium,57.16,Medium
EMP0447,33,Female,Diploma,Marketing,Mid,4,59709,61,3,160,23,9,3,6.1,89.0,3,0,Medium,57.19,Medium
EMP0448,58,Female,Master's,Sales,Senior,14,100637,68,18,170,4,14,4,8.6,100.0,11,1,Low,86.27,High
EMP0449,41,Female,Master's,HR,Manager,15,159512,17,4,208,25,2,2,9.2,100.0,15,0,Medium,59.22,Medium
EMP0450,32,Male,Bachelor's,Support,Lead,6,113061,55,18,217,6,4,4,5.4,96.4,5,1,Low,76.34,High
EMP0451,58,Male,PhD,Support,Junior,22,69097,18,7,176,5,4,4,2.1,92.6,22,1,High,49.05,Low
EMP0452,57,Male,Master's,Sales,Senior,31,128768,50,16,195,16,12,3,8.1,100.0,31,1,Low,75.19,High
EMP0453,40,Male,PhD,HR,Junior,14,56357,67,18,213,15,1,5,6.0,88.0,13,1,Low,79.39,High
EMP0454,22,Male,Diploma,Finance,Lead,0,99706,74,3,207,36,13,3,5.2,86.9,0,0,Medium,58.82,Medium
EMP0455,44,Female,Bachelor's,Finance,Mid,9,73872,74,7,194,2,8,5,5.6,89.0,9,1,Low,79.81,High
EMP0456,43,Male,Bachelor's,Engineering,Mid,14,80384,78,11,183,13,6,5,5.9,82.2,14,0,Medium,74.31,High
EMP0457,27,Female,Bachelor's,Finance,Junior,6,47388,31,17,218,29,17,3,8.4,88.6,2,1,Medium,67.41,Medium
EMP0458,46,Male,Bachelor's,Engineering,Junior,19,46162,86,4,159,9,16,3,6.7,81.1,17,0,Medium,62.43,Medium
EMP0459,53,Male,Diploma,Engineering,Junior,13,43868,41,4,169,39,16,2,8.4,98.2,10,0,Medium,50.94,Medium
EMP0460,26,Female,Bachelor's,Finance,Lead,3,101401,43,7,197,29,17,5,7.2,94.3,0,0,Medium,70.02,Medium
EMP0461,49,Female,Master's,Engineering,Senior,13,101836,80,4,141,37,4,4,6.0,100.0,13,1,Medium,66.09,Medium
EMP0462,27,Male,Master's,Marketing,Manager,1,131029,39,6,180,37,17,1,5.9,77.0,0,1,High,42.14,Low
EMP0463,50,Male,Bachelor's,Finance,Junior,20,68094,16,3,208,4,3,4,7.3,100.0,16,1,Medium,63.47,Medium
EMP0464,37,Male,Bachelor's,Finance,Mid,7,73921,74,16,154,18,6,2,7.7,77.4,5,0,Medium,73.06,Medium
EMP0465,22,Female,Master's,HR,Junior,0,44593,69,16,204,29,11,4,8.0,80.4,0,1,Medium,72.06,Medium
EMP0466,58,Male,Master's,Engineering,Mid,16,83844,62,3,172,0,14,4,6.1,85.0,12,0,Medium,61.68,Medium
EMP0467,28,Female,Bachelor's,Operations,Mid,4,51504,22,11,208,18,11,2,6.8,100.0,2,0,Medium,51.41,Medium
EMP0468,44,Male,Bachelor's,Support,Junior,11,52061,66,13,190,27,11,5,7.4,91.8,11,1,Low,80.89,High
EMP0469,28,Female,Master's,Support,Mid,2,52539,27,12,152,31,7,3,5.9,88.0,0,1,Medium,55.07,Medium
EMP0470,57,Male,Bachelor's,Operations,Junior,16,41007,59,19,198,16,11,4,4.8,83.7,12,0,Medium,71.73,Medium
EMP0471,50,Female,Diploma,Marketing,Mid,23,80300,55,13,144,34,9,4,5.3,79.0,21,0,Medium,60.32,Medium
EMP0472,52,Female,Bachelor's,Support,Senior,13,106197,79,14,159,26,9,5,6.1,99.1,9,1,Low,76.56,High
EMP0473,38,Male,Bachelor's,HR,Junior,12,53085,97,1,211,1,11,4,7.5,96.4,10,0,Medium,72.15,Medium
EMP0474,39,Male,Bachelor's,Engineering,Manager,8,155742,27,2,210,11,12,5,8.4,100.0,6,0,Medium,71.01,Medium
EMP0475,46,Female,Master's,Operations,Mid,9,67217,20,12,143,37,6,3,4.5,93.2,5,1,Medium,50.44,Medium
EMP0476,51,Male,Master's,Marketing,Lead,14,136382,60,18,170,0,2,5,5.6,68.9,14,1,Low,80.34,High
EMP0477,54,Male,Bachelor's,Support,Senior,12,95820,95,8,147,4,5,3,6.0,80.0,10,0,Medium,69.27,Medium
EMP0478,22,Male,Diploma,Marketing,Senior,0,80179,24,13,161,13,8,4,7.7,93.7,0,0,Medium,68.28,Medium
EMP0479,47,Male,Bachelor's,Support,Senior,15,87764,53,4,217,39,3,2,5.7,87.0,12,0,High,41.27,Low
EMP0480,26,Male,Bachelor's,HR,Lead,2,111284,46,9,155,28,3,5,5.9,85.5,0,0,Medium,61.64,Medium
EMP0481,32,Male,Bachelor's,HR,Senior,5,81982,38,15,191,5,19,5,4.4,81.2,1,0,Low,80.76,High
EMP0482,53,Male,Bachelor's,Marketing,Junior,19,52623,69,13,204,15,5,4,7.2,97.6,18,1,Low,79.82,High
EMP0483,31,Male,Master's,Operations,Junior,6,52449,36,3,210,37,14,4,6.3,93.6,3,0,Medium,59.06,Medium
EMP0484,52,Male,Bachelor's,Engineering,Senior,14,106065,54,17,168,8,2,4,5.5,94.0,10,1,Medium,71.93,Medium
EMP0485,39,Male,Master's,HR,Junior,9,54856,86,18,195,23,19,3,6.1,84.9,5,0,Medium,70.61,Medium
EMP0486,30,Female,Bachelor's,Marketing,Junior,3,35702,44,10,178,18,4,4,8.2,91.4,1,0,Medium,67.26,Medium
EMP0487,34,Male,Diploma,HR,Junior,5,40592,11,7,148,30,7,4,5.0,79.3,5,1,High,47.36,Low
EMP0488,42,Male,Bachelor's,Sales,Mid,12,68921,89,11,157,30,15,4,5.2,89.0,10,0,Medium,66.08,Medium
EMP0489,51,Male,PhD,Finance,Junior,26,72460,34,16,199,33,4,2,8.4,69.8,23,1,Medium,60.1,Medium
EMP0490,45,Female,Bachelor's,Marketing,Senior,20,116428,79,9,194,4,10,5,6.6,77.5,17,0,Low,79.95,High
EMP0491,57,Male,Bachelor's,Sales,Senior,31,120145,78,1,181,18,15,2,7.5,87.4,30,1,Medium,53.15,Medium
EMP0492,54,Male,PhD,Sales,Lead,21,140999,57,2,202,27,0,4,7.1,100.0,20,0,Medium,61.56,Medium
EMP0493,50,Male,Master's,Finance,Mid,12,76577,17,16,195,16,0,2,6.4,75.6,9,1,Medium,56.94,Medium
EMP0494,44,Male,Master's,Sales,Mid,13,68721,95,15,167,26,15,2,6.0,80.1,11,0,Medium,61.3,Medium
EMP0495,33,Male,Bachelor's,Marketing,Mid,6,68829,71,15,163,25,5,1,7.7,91.7,4,0,Medium,60.04,Medium
EMP0496,37,Male,Master's,Finance,Mid,4,73447,48,3,215,14,18,3,8.2,100.0,0,1,Medium,63.56,Medium
EMP0497,26,Female,PhD,Marketing,Senior,0,95986,86,4,217,4,18,4,8.1,91.6,0,1,Low,76.01,High
EMP0498,36,Female,Master's,Marketing,Junior,7,52895,80,8,142,38,17,4,4.7,95.6,6,1,Medium,63.0,Medium
EMP0499,57,Male,Bachelor's,Sales,Manager,19,153005,78,5,203,33,19,4,8.5,87.3,15,0,Medium,65.33,Medium
EMP0500,38,Female,Master's,Marketing,Junior,7,41666,25,8,150,35,16,4,6.0,85.9,3,0,Medium,54.23,Medium
EMP0501,26,Female,Master's,Finance,Lead,3,108208,66,11,208,11,7,2,5.4,90.7,2,0,Medium,56.4,Medium
EMP0502,46,Male,Diploma,HR,Mid,15,86391,35,6,187,12,19,2,6.2,84.7,11,1,High,47.17,Low
EMP0503,58,Male,Bachelor's,Support,Junior,30,74470,17,3,195,12,6,4,7.7,95.8,29,0,Medium,61.23,Medium
EMP0504,54,Male,Bachelor's,Operations,Senior,16,102836,40,8,196,1,11,4,7.3,77.1,16,1,Medium,70.36,Medium
EMP0505,32,Female,PhD,Engineering,Junior,4,40211,19,14,188,6,0,4,6.1,97.1,3,0,Medium,64.47,Medium
EMP0506,39,Male,Master's,Marketing,Senior,8,86976,19,12,160,12,19,3,7.8,90.3,6,1,Medium,63.81,Medium
EMP0507,42,Female,Master's,Marketing,Mid,12,68102,75,7,204,39,11,5,6.7,88.3,12,0,Medium,70.75,Medium
EMP0508,31,Male,Bachelor's,Finance,Junior,4,40883,55,6,184,8,18,2,5.6,76.9,4,1,High,47.97,Low
EMP0509,32,Female,Bachelor's,Sales,Junior,6,55944,45,12,183,20,7,4,5.4,82.2,3,0,Medium,63.07,Medium
EMP0510,30,Female,Master's,Support,Senior,6,85282,27,4,165,21,6,2,7.1,99.6,3,0,Medium,55.88,Medium
EMP0511,59,Male,Bachelor's,Marketing,Junior,20,59420,79,16,140,14,10,4,6.4,88.3,17,1,Low,78.05,High
EMP0512,50,Male,Bachelor's,HR,Lead,12,107476,67,17,184,36,17,4,4.4,92.2,8,0,Medium,60.82,Medium
EMP0513,53,Female,Master's,Engineering,Senior,26,116933,62,1,167,3,10,4,7.8,83.0,25,0,Medium,69.33,Medium
EMP0514,53,Male,Master's,Support,Senior,12,105333,27,19,192,34,15,2,5.8,89.8,8,1,Medium,52.63,Medium
EMP0515,58,Male,PhD,Support,Junior,23,75595,21,1,169,29,4,4,8.9,79.0,22,1,Medium,58.37,Medium
EMP0516,26,Female,Bachelor's,Operations,Senior,3,85226,21,9,217,12,15,2,4.4,90.8,0,1,High,47.25,Low
EMP0517,55,Male,Bachelor's,Marketing,Manager,17,154994,12,13,194,30,14,4,6.2,93.0,14,1,Medium,60.24,Medium
EMP0518,24,Male,Diploma,Engineering,Junior,0,33771,97,7,176,17,17,2,5.5,92.6,0,1,Medium,58.83,Medium
EMP0519,40,Male,Bachelor's,Finance,Mid,9,70024,43,4,196,38,1,2,5.0,82.8,8,0,High,42.38,Low
EMP0520,44,Male,Bachelor's,HR,Junior,16,56711,69,1,191,1,7,4,5.8,87.3,14,0,Medium,63.84,Medium
EMP0521,35,Female,Bachelor's,Support,Mid,4,60266,98,14,189,1,1,2,9.2,94.3,2,1,Low,76.82,High
EMP0522,27,Female,Master's,Finance,Senior,2,83502,94,1,186,21,8,3,6.7,88.3,1,1,Medium,57.72,Medium
EMP0523,29,Male,PhD,HR,Mid,4,63415,38,10,214,37,15,5,5.3,87.7,3,0,Medium,64.18,Medium
EMP0524,53,Male,Master's,Support,Mid,27,85046,54,8,165,2,12,5,3.8,100.0,23,0,Medium,71.73,Medium
EMP0525,34,Female,Master's,Operations,Mid,9,63860,51,19,174,31,15,5,3.9,82.4,6,0,Medium,64.46,Medium
EMP0526,33,Male,Bachelor's,HR,Junior,10,60658,13,18,160,37,14,3,5.7,98.6,10,1,Medium,60.37,Medium
EMP0527,57,Male,Bachelor's,Engineering,Junior,25,86684,79,16,185,19,19,4,5.5,80.8,22,0,Medium,71.69,Medium
EMP0528,27,Male,Bachelor's,Engineering,Lead,2,92765,61,14,219,34,17,4,6.2,95.2,2,1,Medium,68.32,Medium
EMP0529,56,Male,Bachelor's,HR,Senior,20,93924,43,11,188,30,11,2,3.1,95.7,18,1,Medium,50.05,Medium
EMP0530,56,Female,Bachelor's,HR,Mid,30,83342,60,7,156,8,17,4,6.4,85.9,30,0,Medium,68.92,Medium
EMP0531,44,Male,Bachelor's,Engineering,Senior,15,97173,76,4,213,34,0,2,8.0,80.3,12,0,Medium,57.44,Medium
EMP0532,28,Male,Bachelor's,Engineering,Junior,3,45766,11,19,203,27,14,5,8.9,74.2,3,0,Medium,72.2,Medium
EMP0533,27,Female,Master's,Finance,Junior,5,45730,68,8,175,0,10,4,3.7,85.1,4,0,Medium,69.47,Medium
EMP0534,32,Male,Master's,Operations,Junior,7,44776,87,9,151,22,19,4,5.3,94.2,7,0,Medium,69.4,Medium
EMP0535,43,Female,Bachelor's,Engineering,Manager,10,146231,75,3,172,26,10,4,5.2,81.4,10,0,Medium,61.13,Medium
EMP0536,27,Male,Bachelor's,HR,Senior,2,76863,65,6,204,32,3,3,6.7,90.8,2,1,Medium,59.48,Medium
EMP0537,39,Male,Master's,Engineering,Senior,11,91247,18,13,186,30,14,3,4.7,78.2,9,0,Medium,54.8,Medium
EMP0538,26,Male,Master's,Operations,Junior,3,38439,77,9,154,19,19,4,9.0,88.1,0,0,Low,76.93,High
EMP0539,42,Female,PhD,Operations,Junior,11,35526,77,12,152,11,0,4,6.6,80.8,10,0,Medium,71.79,Medium
EMP0540,22,Female,Bachelor's,Support,Senior,0,70709,54,5,217,7,1,4,6.3,89.4,0,1,Medium,64.19,Medium
EMP0541,48,Male,PhD,Finance,Mid,16,65227,62,2,175,3,13,3,8.9,86.0,14,0,Medium,65.6,Medium
EMP0542,24,Male,Bachelor's,Finance,Manager,0,136112,65,17,194,25,11,4,6.5,80.5,0,0,Medium,69.04,Medium
EMP0543,29,Male,Bachelor's,Support,Senior,3,85562,20,9,168,38,10,3,7.1,84.7,3,1,High,49.0,Low
EMP0544,28,Female,Bachelor's,Finance,Mid,4,64688,33,7,147,3,1,3,5.4,82.5,1,0,Medium,51.24,Medium
EMP0545,53,Male,Bachelor's,HR,Senior,20,89282,81,6,172,28,11,5,4.4,79.5,20,0,Medium,60.73,Medium
EMP0546,24,Female,Bachelor's,Operations,Manager,0,118131,97,13,195,23,11,4,5.6,98.7,0,1,Low,80.51,High
EMP0547,38,Female,Bachelor's,Finance,Mid,8,69905,34,11,166,6,16,4,9.8,87.1,8,1,Medium,72.55,Medium
EMP0548,44,Female,Master's,Operations,Senior,10,69770,46,8,188,8,7,5,7.4,72.4,7,0,Low,77.27,High
EMP0549,41,Male,Bachelor's,HR,Lead,10,121797,92,18,175,11,6,3,6.9,85.0,6,0,Low,77.31,High
EMP0550,47,Male,Bachelor's,Support,Junior,20,44413,24,18,167,27,1,5,5.0,97.3,19,1,Medium,69.8,Medium
EMP0551,52,Male,Bachelor's,Engineering,Lead,27,139146,33,4,160,11,11,4,7.9,83.9,26,1,Medium,59.08,Medium
EMP0552,36,Female,Bachelor's,Engineering,Junior,10,39891,15,13,160,33,12,4,4.5,100.0,8,1,Medium,57.76,Medium
EMP0553,53,Female,Bachelor's,Engineering,Senior,20,112391,31,19,160,14,5,3,4.1,83.1,18,1,Medium,66.74,Medium
EMP0554,34,Female,Bachelor's,HR,Senior,8,115265,67,10,197,4,14,2,5.7,94.0,7,1,Medium,66.72,Medium
EMP0555,59,Male,Bachelor's,Finance,Senior,31,99014,41,1,166,3,18,4,9.4,98.3,30,0,Medium,70.52,Medium
EMP0556,41,Male,Master's,Sales,Mid,14,77363,98,3,199,16,3,1,9.3,93.6,14,0,Medium,57.14,Medium
EMP0557,49,Female,Diploma,Sales,Senior,14,82334,90,13,164,16,11,2,5.8,79.0,13,1,Medium,59.83,Medium
EMP0558,55,Female,Bachelor's,Support,Junior,27,70814,90,18,166,29,13,4,5.5,82.5,25,0,Medium,70.57,Medium
EMP0559,52,Female,Master's,Operations,Junior,19,56145,75,3,213,19,0,4,4.0,99.4,16,0,Medium,65.49,Medium
EMP0560,54,Female,PhD,Finance,Junior,27,68438,73,11,210,6,3,3,6.6,83.6,24,1,Medium,73.34,Medium
EMP0561,42,Male,Diploma,HR,Mid,17,68106,55,10,172,8,7,4,6.7,97.8,15,1,Medium,72.41,Medium
EMP0562,23,Male,Master's,Marketing,Mid,0,61244,99,6,161,22,2,5,7.7,86.6,0,1,Low,76.33,High
EMP0563,40,Male,PhD,Engineering,Junior,9,34213,18,13,197,13,7,4,7.9,91.1,7,1,Medium,73.31,Medium
EMP0564,28,Female,Diploma,Sales,Lead,3,113533,75,17,145,26,2,4,6.2,78.9,2,0,Medium,68.8,Medium
EMP0565,55,Female,Master's,Support,Mid,14,68525,22,5,176,36,17,4,7.3,85.1,13,1,Medium,55.57,Medium
EMP0566,30,Male,Bachelor's,Marketing,Mid,6,50978,40,2,187,14,11,3,5.4,83.0,4,1,Medium,53.64,Medium
EMP0567,30,Female,Bachelor's,Finance,Mid,4,72559,33,7,194,22,6,3,7.3,91.8,3,0,Medium,55.48,Medium
EMP0568,31,Female,Bachelor's,Finance,Junior,6,41661,64,6,148,33,15,5,5.7,90.7,3,0,Medium,63.95,Medium
EMP0569,46,Female,Bachelor's,Marketing,Senior,19,118061,80,14,140,8,0,4,7.2,93.7,19,1,Low,76.81,High
EMP0570,43,Female,Bachelor's,Sales,Mid,10,76770,17,11,162,20,11,4,7.1,86.1,10,0,Medium,67.17,Medium
EMP0571,58,Male,Bachelor's,Finance,Junior,21,53814,64,1,149,12,13,5,6.6,82.6,19,0,Medium,73.68,Medium
EMP0572,37,Male,Master's,Engineering,Manager,9,140120,29,7,180,25,16,3,7.7,91.5,9,0,Medium,57.82,Medium
EMP0573,32,Female,Master's,HR,Lead,5,106968,16,14,213,29,4,3,4.1,81.8,5,0,Medium,50.32,Medium
EMP0574,23,Female,PhD,Support,Senior,0,92210,47,10,162,5,11,4,4.9,98.6,0,0,Medium,66.09,Medium
EMP0575,22,Male,Bachelor's,Finance,Lead,0,103500,62,11,176,7,15,1,6.1,89.1,0,1,Medium,56.37,Medium
EMP0576,36,Male,Bachelor's,Operations,Lead,7,109810,28,6,157,0,15,4,4.3,87.4,6,0,Medium,58.76,Medium
EMP0577,57,Female,Master's,Engineering,Mid,26,84600,45,7,143,0,3,5,5.9,93.7,24,1,Medium,72.56,Medium
EMP0578,41,Female,PhD,Sales,Senior,10,91595,95,3,196,2,19,4,5.9,89.4,9,0,Medium,72.45,Medium
EMP0579,55,Male,Diploma,Sales,Senior,15,108436,41,2,160,28,5,3,8.5,76.7,11,0,Medium,52.94,Medium
EMP0580,25,Female,PhD,Marketing,Junior,1,36229,99,1,183,36,7,4,6.7,81.5,1,0,Medium,61.66,Medium
EMP0581,25,Male,PhD,Sales,Junior,1,33040,85,12,194,16,3,2,8.0,98.5,0,1,Medium,67.97,Medium
EMP0582,53,Male,Bachelor's,Support,Junior,17,50883,43,3,207,35,2,5,7.0,90.7,15,1,Medium,61.6,Medium
EMP0583,26,Female,Bachelor's,Sales,Senior,4,80369,61,11,154,29,5,2,5.7,76.5,1,0,Medium,51.7,Medium
EMP0584,23,Male,Bachelor's,Finance,Senior,0,68783,73,19,186,32,2,5,6.7,92.8,0,1,Low,81.81,High
EMP0585,37,Female,Master's,Finance,Senior,10,85996,51,14,212,29,14,4,7.6,85.5,10,0,Medium,63.61,Medium
EMP0586,57,Male,Diploma,Finance,Mid,30,102987,46,11,178,7,11,4,8.3,83.0,27,1,Low,77.17,High
EMP0587,48,Female,Bachelor's,Sales,Junior,15,51347,39,3,143,20,7,4,6.3,80.8,14,1,Medium,58.23,Medium
EMP0588,25,Male,Master's,Marketing,Mid,4,65435,22,10,160,21,10,3,4.0,98.0,1,0,Medium,55.08,Medium
EMP0589,53,Female,Bachelor's,Finance,Mid,12,49569,12,17,203,25,12,4,3.9,74.3,11,1,Medium,59.42,Medium
EMP0590,54,Male,Bachelor's,Marketing,Lead,16,123746,40,8,203,31,3,5,6.0,83.3,15,0,Medium,61.62,Medium
EMP0591,52,Female,Bachelor's,Finance,Lead,13,114309,81,16,165,4,5,5,3.0,91.0,10,0,Low,75.06,High
EMP0592,56,Male,Bachelor's,Engineering,Lead,26,127348,31,14,155,26,17,3,9.2,100.0,22,0,Medium,63.95,Medium
EMP0593,31,Male,Diploma,Engineering,Lead,6,108647,26,6,163,33,0,4,7.4,94.4,2,0,Medium,58.37,Medium
EMP0594,59,Male,Bachelor's,Operations,Manager,19,148833,39,3,159,4,19,5,5.5,83.2,16,0,Medium,67.68,Medium
EMP0595,34,Female,PhD,Finance,Mid,4,42809,63,1,199,16,19,5,4.8,100.0,2,1,Medium,64.05,Medium
EMP0596,52,Male,Master's,Engineering,Junior,16,61577,29,6,207,35,5,4,8.0,79.2,14,0,Medium,59.8,Medium
EMP0597,44,Female,Bachelor's,Support,Junior,14,53744,29,7,143,0,6,1,4.8,92.1,10,0,High,40.91,Low
EMP0598,51,Female,Bachelor's,Engineering,Mid,19,75288,20,13,199,6,4,5,5.0,93.9,18,0,Medium,69.18,Medium
EMP0599,45,Female,PhD,Support,Junior,17,47670,39,11,200,32,11,3,5.4,83.0,13,0,Medium,57.85,Medium
EMP0600,46,Female,Bachelor's,Operations,Junior,21,48441,29,10,189,6,4,3,6.7,95.6,18,0,Medium,62.58,Medium
EMP0601,45,Male,Diploma,Support,Manager,12,146191,84,14,209,28,15,4,7.4,85.9,9,1,Medium,71.3,Medium
EMP0602,51,Female,Bachelor's,Support,Junior,21,73107,91,15,143,36,7,3,8.3,95.6,19,0,Medium,69.87,Medium
EMP0603,50,Female,Master's,Marketing,Manager,19,154425,43,14,195,19,19,5,8.1,75.3,15,0,Medium,65.61,Medium
EMP0604,27,Male,PhD,Operations,Senior,1,70137,17,18,150,19,17,2,6.5,92.7,0,0,Medium,55.17,Medium
EMP0605,53,Male,Bachelor's,Sales,Senior,26,113000,17,7,211,17,8,4,8.0,86.7,26,0,Medium,65.73,Medium
EMP0606,42,Female,Bachelor's,HR,Senior,8,89173,39,16,179,14,11,5,5.5,99.2,5,0,Medium,73.48,Medium
EMP0607,34,Male,Diploma,Sales,Mid,8,71512,51,8,147,15,0,5,3.8,89.6,5,0,Medium,64.55,Medium
EMP0608,41,Female,Bachelor's,HR,Senior,14,101653,57,4,199,22,1,5,5.5,100.0,10,0,Medium,60.05,Medium
EMP0609,58,Male,Bachelor's,Support,Junior,31,48313,37,3,199,35,10,5,5.3,94.1,27,1,Medium,53.87,Medium
EMP0610,54,Male,Bachelor's,HR,Manager,19,157161,41,2,177,39,9,3,5.6,89.0,15,0,Medium,51.02,Medium
EMP0611,53,Female,Bachelor's,Engineering,Mid,15,64972,35,19,164,34,7,5,5.1,96.3,15,1,Medium,72.5,Medium
EMP0612,39,Male,Master's,Marketing,Junior,14,40426,56,4,141,4,1,5,5.8,96.4,11,0,Medium,67.57,Medium
EMP0613,51,Female,Master's,Operations,Senior,21,103692,72,16,212,12,16,4,7.4,93.8,17,0,Low,76.78,High
EMP0614,36,Female,Bachelor's,HR,Senior,9,94087,13,15,154,30,8,4,9.1,71.7,5,1,Medium,64.57,Medium
EMP0615,48,Male,PhD,HR,Mid,21,67074,53,9,207,21,9,2,3.9,82.1,19,0,High,45.98,Low
EMP0616,46,Male,Bachelor's,HR,Senior,11,98836,68,18,187,13,8,4,4.6,100.0,7,0,Medium,68.64,Medium
EMP0617,31,Female,Bachelor's,Marketing,Junior,4,45906,70,18,194,12,9,4,5.3,80.0,0,0,Medium,73.12,Medium
EMP0618,32,Female,Master's,Finance,Senior,10,92375,60,18,195,4,12,4,7.6,97.1,10,0,Low,82.98,High
EMP0619,24,Male,Diploma,Finance,Junior,1,29259,57,10,208,13,15,4,6.2,95.7,0,0,Medium,71.33,Medium
EMP0620,27,Female,Bachelor's,Support,Junior,2,29564,71,6,142,16,10,4,5.4,84.2,0,0,Medium,67.21,Medium
EMP0621,38,Male,Bachelor's,Finance,Junior,13,58807,44,1,219,16,3,1,7.6,74.0,11,0,High,39.99,Low
EMP0622,40,Male,Master's,Support,Mid,13,58510,61,16,143,21,17,5,7.9,85.4,13,0,Low,79.68,High
EMP0623,28,Female,PhD,Operations,Mid,3,67115,38,17,219,10,5,3,6.5,100.0,0,0,Medium,68.14,Medium
EMP0624,37,Male,Bachelor's,Engineering,Mid,9,64478,49,11,160,8,0,2,5.3,83.1,8,0,Medium,56.4,Medium
EMP0625,44,Female,Bachelor's,Marketing,Junior,18,55833,21,2,207,35,0,1,6.9,83.6,16,1,High,36.6,Low
EMP0626,30,Female,Master's,Marketing,Junior,4,26135,41,16,146,16,15,5,6.2,82.0,3,1,Medium,71.87,Medium
EMP0627,34,Female,Bachelor's,Engineering,Mid,7,62226,22,6,176,10,7,5,6.1,99.7,3,0,Medium,58.4,Medium
EMP0628,35,Female,Bachelor's,Sales,Junior,7,48308,30,11,183,25,0,2,5.7,88.1,5,0,Medium,54.6,Medium
EMP0629,41,Male,Bachelor's,Operations,Senior,14,86108,47,13,216,21,16,3,7.9,85.0,14,1,Medium,66.09,Medium
EMP0630,35,Male,Bachelor's,Marketing,Manager,8,143589,55,3,149,23,6,4,6.9,100.0,8,1,Medium,59.1,Medium
EMP0631,50,Female,Bachelor's,Sales,Mid,21,80912,94,2,142,8,19,3,8.1,94.6,17,1,Medium,70.41,Medium
EMP0632,34,Female,PhD,Marketing,Lead,8,104449,12,2,191,28,17,4,8.5,82.6,7,1,Medium,54.35,Medium
EMP0633,38,Male,Master's,Sales,Junior,10,53837,90,19,143,7,0,2,7.2,80.2,7,0,Medium,71.17,Medium
EMP0634,36,Female,Master's,Sales,Junior,7,25781,39,19,202,33,13,4,5.7,99.3,7,1,Medium,65.84,Medium
EMP0635,28,Male,Diploma,Engineering,Senior,5,88773,75,9,143,16,12,3,8.1,90.1,1,0,Medium,70.33,Medium
EMP0636,48,Female,Bachelor's,Operations,Senior,11,106155,71,9,217,16,3,4,7.2,77.6,8,0,Medium,67.04,Medium
EMP0637,30,Male,Bachelor's,Operations,Lead,6,118719,97,8,182,15,6,4,10.0,75.7,5,0,Medium,74.86,High
EMP0638,33,Female,Diploma,HR,Junior,9,48918,19,7,215,16,9,3,7.0,81.1,5,0,Medium,58.66,Medium
EMP0639,52,Male,Bachelor's,Finance,Senior,23,105186,97,11,150,26,2,3,7.5,80.1,22,0,Medium,67.78,Medium
EMP0640,58,Male,Master's,Support,Mid,27,82313,15,7,161,19,14,2,6.9,73.6,23,0,High,47.15,Low
EMP0641,47,Female,Master's,Operations,Mid,15,70576,88,12,176,5,5,2,6.4,81.2,13,1,Medium,68.01,Medium
EMP0642,56,Male,Bachelor's,Engineering,Junior,21,64550,68,8,142,22,18,5,6.1,82.6,19,0,Medium,68.29,Medium
EMP0643,54,Male,Bachelor's,Support,Manager,11,136742,53,12,148,10,16,3,6.9,86.3,11,0,Medium,64.79,Medium
EMP0644,40,Female,Bachelor's,Engineering,Junior,9,51859,45,18,166,4,12,3,7.3,100.0,8,0,Medium,74.77,High
EMP0645,51,Male,Bachelor's,Engineering,Lead,18,138665,18,4,198,33,2,2,8.2,87.9,18,0,High,42.41,Low
EMP0646,34,Male,Bachelor's,Marketing,Senior,5,85504,82,2,196,12,0,4,7.0,88.7,1,0,Medium,68.77,Medium
EMP0647,39,Male,Bachelor's,Operations,Senior,7,77644,75,11,146,23,2,5,5.8,94.1,7,0,Medium,72.2,Medium
EMP0648,42,Female,Master's,Engineering,Senior,13,84842,94,3,144,6,9,4,6.0,88.1,13,0,Medium,72.63,Medium
EMP0649,58,Female,Diploma,Marketing,Lead,20,130212,75,5,192,13,15,4,4.5,93.2,20,1,Medium,66.37,Medium
EMP0650,54,Female,PhD,Sales,Junior,20,58522,96,16,168,15,3,5,9.0,92.2,16,0,Low,90.72,High
EMP0651,40,Male,Bachelor's,Marketing,Junior,10,54014,89,8,203,5,14,4,5.7,91.0,6,0,Medium,68.33,Medium
EMP0652,46,Male,Bachelor's,Support,Mid,15,68730,48,11,163,38,0,5,8.0,100.0,12,1,Medium,71.64,Medium
EMP0653,29,Male,Bachelor's,Marketing,Mid,4,66444,73,15,169,12,5,4,6.9,97.3,4,0,Medium,74.06,High
EMP0654,52,Female,Bachelor's,Sales,Junior,20,57733,33,3,157,23,11,1,7.0,81.3,18,1,High,42.53,Low
EMP0655,43,Male,Diploma,Engineering,Junior,14,45939,81,10,161,22,16,4,6.3,93.0,10,0,Medium,63.75,Medium
EMP0656,42,Male,Bachelor's,Sales,Mid,8,61392,64,1,196,17,15,3,5.3,83.7,8,0,High,49.63,Low
EMP0657,51,Female,Bachelor's,Engineering,Junior,25,55423,49,10,177,23,10,2,5.0,93.6,22,0,Medium,56.71,Medium
EMP0658,46,Female,PhD,Finance,Junior,9,61714,66,5,192,22,0,5,9.1,79.0,9,0,Medium,74.31,High
EMP0659,24,Female,Bachelor's,Marketing,Lead,1,100428,34,18,146,3,5,1,6.7,81.1,0,1,Medium,57.35,Medium
EMP0660,32,Male,Bachelor's,HR,Mid,5,66156,66,5,182,26,15,4,8.2,92.8,3,0,Medium,64.74,Medium
EMP0661,28,Female,Bachelor's,Operations,Manager,3,129305,52,4,176,4,1,5,8.6,98.0,0,0,Medium,73.45,Medium
EMP0662,49,Female,Master's,Finance,Manager,14,138384,38,1,212,17,14,4,5.9,94.0,12,0,Medium,58.7,Medium
EMP0663,23,Male,Master's,Sales,Junior,0,33128,97,3,173,14,14,3,7.1,96.8,0,1,Medium,65.99,Medium
EMP0664,29,Female,Bachelor's,Marketing,Senior,4,93609,15,5,148,17,15,4,6.6,93.0,0,0,Medium,63.54,Medium
EMP0665,44,Female,Diploma,Marketing,Senior,14,92634,78,5,195,2,4,5,4.8,91.4,13,0,Medium,72.71,Medium
EMP0666,48,Male,PhD,Operations,Senior,14,89835,28,15,151,28,4,3,6.2,86.0,11,1,Medium,58.93,Medium
EMP0667,41,Female,PhD,Marketing,Junior,6,43443,30,17,212,16,3,3,7.4,96.5,4,0,Medium,63.36,Medium
EMP0668,54,Female,Bachelor's,Engineering,Junior,19,61792,23,17,170,2,7,4,5.8,98.2,17,0,Medium,70.95,Medium
EMP0669,56,Female,Bachelor's,Operations,Junior,22,74542,19,19,202,0,10,5,6.0,89.5,19,1,Low,78.06,High
EMP0670,27,Female,PhD,Marketing,Senior,3,86430,21,18,192,21,2,3,6.2,89.1,2,0,Medium,61.05,Medium
EMP0671,58,Female,Bachelor's,Engineering,Manager,29,169951,84,9,177,26,11,3,9.7,100.0,29,1,Medium,70.79,Medium
EMP0672,45,Female,Master's,Finance,Senior,18,107354,93,8,186,21,4,5,3.7,89.8,16,0,Medium,71.55,Medium
EMP0673,46,Male,Master's,Sales,Senior,20,94775,62,13,154,28,11,3,7.3,90.6,16,1,Medium,69.78,Medium
EMP0674,25,Female,Bachelor's,Support,Manager,2,124693,11,7,145,30,6,2,6.1,93.9,2,0,High,46.12,Low
EMP0675,45,Female,Master's,Operations,Senior,17,91728,87,12,201,34,19,4,5.5,89.2,16,0,Medium,71.36,Medium
EMP0676,49,Female,Diploma,Marketing,Junior,18,45942,64,19,216,39,6,1,6.1,83.4,15,1,Medium,55.67,Medium
EMP0677,44,Male,Master's,HR,Lead,17,126763,56,4,208,35,17,3,7.5,93.0,15,0,Medium,59.85,Medium
EMP0678,25,Male,Bachelor's,HR,Mid,2,59720,95,15,164,31,3,4,7.6,89.7,0,0,Medium,74.58,High
EMP0679,41,Female,PhD,Finance,Junior,15,53635,46,18,168,17,1,4,6.8,100.0,13,0,Medium,74.13,High
EMP0680,57,Female,Master's,Engineering,Mid,29,69058,42,11,168,20,3,4,8.1,96.3,25,0,Medium,69.59,Medium
EMP0681,49,Female,Master's,Marketing,Manager,21,171643,80,7,196,24,8,3,8.4,85.2,17,1,Medium,67.47,Medium
EMP0682,27,Male,PhD,Sales,Junior,2,30245,57,5,189,6,18,4,7.7,95.8,0,0,Medium,72.95,Medium
EMP0683,58,Male,Master's,Finance,Mid,27,103814,74,4,203,27,3,4,5.7,92.5,25,0,Medium,63.0,Medium
EMP0684,58,Female,Bachelor's,Engineering,Junior,22,49806,72,7,215,23,15,5,7.2,100.0,21,1,Low,77.33,High
EMP0685,28,Male,Bachelor's,HR,Junior,4,33300,85,15,171,20,13,4,7.2,85.8,2,0,Medium,74.58,High
EMP0686,52,Female,Bachelor's,Operations,Junior,23,44977,38,10,193,33,6,4,5.3,91.5,19,0,Medium,61.93,Medium
EMP0687,37,Male,Master's,Support,Senior,6,90096,16,5,180,27,6,5,4.1,89.2,4,1,Medium,59.03,Medium
EMP0688,44,Male,Master's,Marketing,Lead,10,103189,52,11,216,37,18,5,3.5,90.5,7,0,Medium,64.41,Medium
EMP0689,38,Female,Master's,Engineering,Junior,7,34815,68,16,168,39,14,2,6.6,82.9,5,0,Medium,58.49,Medium
EMP0690,51,Male,Bachelor's,Operations,Junior,20,48019,83,1,155,33,4,5,6.9,94.6,17,0,Medium,70.08,Medium
EMP0691,59,Female,Master's,Engineering,Junior,15,59218,34,1,170,11,18,5,4.7,93.3,12,0,Medium,58.81,Medium
EMP0692,52,Female,Diploma,Engineering,Junior,22,67091,77,19,189,7,8,3,8.1,100.0,20,1,Low,80.85,High
EMP0693,57,Female,Bachelor's,Support,Mid,22,95896,84,15,216,11,1,1,6.7,89.9,18,0,Medium,63.89,Medium
EMP0694,57,Male,Master's,Support,Senior,30,110514,82,11,206,28,16,4,8.5,86.7,26,0,Medium,69.57,Medium
EMP0695,25,Male,Master's,Finance,Senior,1,82950,82,18,141,34,17,4,7.1,96.3,1,1,Low,77.37,High
EMP0696,31,Female,Master's,Operations,Mid,6,51885,98,12,180,35,8,4,4.9,83.6,5,1,Medium,63.54,Medium
EMP0697,49,Male,Bachelor's,Engineering,Mid,11,65519,69,10,152,27,14,4,7.2,98.7,7,0,Medium,69.02,Medium
EMP0698,44,Male,Master's,Engineering,Junior,18,52449,43,5,168,27,4,2,7.5,98.7,16,0,Medium,53.37,Medium
EMP0699,23,Male,Diploma,Marketing,Junior,0,38715,49,16,215,38,17,3,5.7,100.0,0,0,Medium,59.06,Medium
EMP0700,25,Female,Master's,Engineering,Manager,1,139336,77,15,218,27,7,5,4.3,93.0,0,0,Medium,73.85,Medium
EMP0701,41,Male,Diploma,Support,Senior,10,99928,31,6,152,5,5,1,6.7,86.1,7,0,High,49.41,Low
EMP0702,45,Male,Diploma,Engineering,Manager,20,147257,64,15,151,20,10,4,5.0,90.9,20,0,Medium,67.02,Medium
EMP0703,28,Female,Bachelor's,HR,Lead,1,109187,61,14,195,14,5,3,8.2,93.0,1,0,Medium,73.2,Medium
EMP0704,28,Male,Master's,Operations,Senior,3,83247,69,2,172,25,12,4,5.9,85.5,0,0,Medium,57.93,Medium
EMP0705,26,Female,Bachelor's,Operations,Manager,2,129803,47,4,174,25,14,4,9.1,100.0,0,0,Medium,73.86,Medium
EMP0706,43,Female,Diploma,Sales,Mid,17,69731,76,12,209,11,8,3,3.3,94.6,16,1,Medium,63.11,Medium
EMP0707,22,Female,Bachelor's,HR,Junior,1,31720,16,12,213,11,15,4,6.7,82.9,0,1,Medium,60.97,Medium
EMP0708,43,Female,Bachelor's,HR,Junior,8,58538,77,13,212,3,8,4,8.6,100.0,8,0,Low,79.8,High
EMP0709,40,Male,PhD,Operations,Junior,11,50659,83,8,202,11,19,2,5.2,90.8,7,0,Medium,63.16,Medium
EMP0710,39,Male,Bachelor's,Marketing,Junior,7,44796,89,16,218,33,5,3,6.3,81.2,7,1,Medium,65.65,Medium
EMP0711,47,Male,Master's,Sales,Mid,19,75702,93,9,197,26,14,4,5.9,83.4,16,0,Medium,64.42,Medium
EMP0712,41,Male,Bachelor's,Operations,Senior,10,111567,41,4,210,37,10,4,5.5,100.0,6,0,Medium,58.46,Medium
EMP0713,49,Female,Diploma,Support,Senior,16,109640,14,3,183,37,18,4,6.9,100.0,13,1,Medium,52.65,Medium
EMP0714,51,Female,PhD,HR,Mid,13,64831,68,17,144,34,4,4,4.6,98.1,10,1,Medium,70.33,Medium
EMP0715,56,Female,Bachelor's,Engineering,Junior,23,60411,18,14,205,7,3,2,6.3,100.0,22,0,Medium,61.86,Medium
EMP0716,52,Female,Master's,HR,Senior,14,95086,35,9,214,13,17,2,7.3,99.7,13,1,Medium,59.13,Medium
EMP0717,41,Female,Bachelor's,Support,Mid,14,72966,73,4,164,2,18,4,6.2,94.5,13,1,Low,77.21,High
EMP0718,40,Male,Master's,Support,Junior,8,38990,63,2,174,3,14,4,5.0,92.6,8,0,Medium,58.92,Medium
EMP0719,30,Male,Master's,Marketing,Junior,8,48110,64,3,185,9,9,5,8.0,94.3,7,0,Medium,72.29,Medium
EMP0720,44,Female,PhD,Sales,Mid,16,85816,77,3,192,11,8,3,7.6,95.9,15,0,Medium,64.87,Medium
EMP0721,27,Male,Bachelor's,Finance,Junior,3,28090,24,11,193,0,13,4,4.9,84.1,0,1,Medium,71.05,Medium
EMP0722,57,Female,Bachelor's,Operations,Lead,14,107774,81,4,171,33,14,4,4.6,95.9,13,0,Medium,65.88,Medium
EMP0723,54,Female,Master's,Support,Senior,17,96534,62,3,208,21,5,3,5.1,100.0,17,0,Medium,60.37,Medium
EMP0724,26,Female,Master's,Engineering,Senior,2,78905,47,6,205,26,0,4,7.3,88.3,0,1,Medium,60.51,Medium
EMP0725,51,Female,Bachelor's,Marketing,Junior,14,67787,51,14,215,26,1,4,6.9,87.5,12,1,Medium,66.54,Medium
EMP0726,26,Female,Bachelor's,HR,Lead,1,109213,55,10,186,38,6,3,7.7,93.8,0,1,Medium,58.23,Medium
EMP0727,49,Female,Bachelor's,Engineering,Senior,18,109154,59,3,146,5,13,3,6.0,84.8,15,1,Medium,57.22,Medium
EMP0728,25,Female,PhD,Support,Junior,1,34085,40,15,207,13,8,3,5.1,79.5,0,1,Medium,65.6,Medium
EMP0729,40,Male,Bachelor's,Engineering,Senior,11,90909,30,10,146,12,12,5,7.9,99.2,8,0,Medium,73.95,Medium
EMP0730,46,Male,Bachelor's,Finance,Mid,14,60186,25,4,155,22,9,3,5.7,86.4,14,0,Medium,50.28,Medium
EMP0731,49,Female,Diploma,Support,Mid,24,90053,40,14,162,21,5,2,6.8,90.1,22,1,Medium,60.69,Medium
EMP0732,37,Female,Bachelor's,Finance,Junior,7,47328,33,19,154,31,14,1,4.2,85.1,5,0,High,42.62,Low
EMP0733,57,Female,Master's,Operations,Mid,27,97687,56,11,197,22,14,1,5.6,100.0,26,0,Medium,52.51,Medium
EMP0734,51,Female,Bachelor's,Sales,Junior,22,59713,92,4,175,9,19,3,8.0,96.8,19,0,Medium,66.78,Medium
EMP0735,29,Female,PhD,Operations,Junior,2,36265,19,6,157,22,16,4,5.4,88.1,1,0,Medium,54.98,Medium
EMP0736,47,Female,Master's,Marketing,Junior,12,50760,37,12,140,38,7,1,7.7,80.6,9,0,High,45.78,Low
EMP0737,49,Female,PhD,Engineering,Manager,16,156335,14,19,157,23,14,3,3.0,87.2,15,1,Medium,52.77,Medium
EMP0738,34,Male,Bachelor's,Marketing,Junior,8,32838,97,18,195,23,7,2,5.7,94.6,6,0,Medium,68.57,Medium
EMP0739,50,Male,Master's,Marketing,Mid,18,82488,73,18,203,7,17,4,6.2,91.5,15,0,Low,79.49,High
EMP0740,56,Male,Master's,HR,Mid,24,83636,31,16,163,0,12,1,9.1,90.9,20,0,Medium,62.83,Medium
EMP0741,53,Male,Bachelor's,Sales,Lead,24,120330,47,11,145,8,16,4,4.7,91.7,23,1,Medium,67.57,Medium
EMP0742,50,Female,Bachelor's,HR,Mid,23,65923,75,13,184,1,5,4,7.5,96.1,21,1,Low,77.56,High
EMP0743,46,Male,Bachelor's,Marketing,Lead,14,115708,96,14,202,18,0,4,8.1,89.7,12,0,Low,82.1,High
EMP0744,32,Male,Diploma,Marketing,Junior,7,54981,61,14,145,35,2,3,5.4,93.6,3,0,Medium,60.12,Medium
EMP0745,52,Male,Master's,Finance,Junior,22,74797,34,13,203,17,10,5,5.9,82.1,18,0,Medium,68.26,Medium
EMP0746,35,Female,Master's,Marketing,Mid,4,62643,72,3,153,25,19,4,6.7,100.0,1,0,Medium,62.82,Medium
EMP0747,42,Female,Master's,Operations,Mid,16,89896,71,17,160,34,12,2,4.3,87.7,12,0,Medium,55.93,Medium
EMP0748,33,Male,Master's,Sales,Lead,5,105656,67,1,189,30,16,4,5.8,91.6,5,0,Medium,64.25,Medium
EMP0749,33,Female,Bachelor's,Support,Lead,3,111226,14,9,144,26,9,4,8.4,94.5,0,0,Medium,63.14,Medium
EMP0750,27,Female,Bachelor's,Marketing,Mid,4,56190,73,9,164,31,19,3,7.3,86.7,0,0,Medium,59.12,Medium
EMP0751,58,Female,Master's,Engineering,Manager,22,152283,11,19,151,11,18,3,6.3,90.1,19,0,Medium,67.02,Medium
EMP0752,27,Female,Bachelor's,Sales,Mid,1,50779,91,2,157,16,4,4,6.7,90.0,0,1,Medium,66.63,Medium
EMP0753,25,Female,PhD,Operations,Junior,1,25000,89,10,201,15,17,2,7.4,82.7,0,1,Medium,65.16,Medium
EMP0754,57,Male,PhD,Support,Mid,21,90496,60,7,158,31,0,5,7.7,93.5,18,0,Medium,69.11,Medium
EMP0755,43,Female,Bachelor's,Sales,Junior,18,51466,68,2,143,16,11,3,5.7,76.8,14,0,Medium,59.46,Medium
EMP0756,38,Male,Master's,Finance,Lead,6,100788,16,5,157,37,8,1,8.8,100.0,6,0,High,42.73,Low
EMP0757,50,Male,Bachelor's,Finance,Junior,11,38760,88,9,146,7,6,1,8.5,96.3,8,0,Medium,68.84,Medium
EMP0758,36,Female,Diploma,Engineering,Mid,10,65365,34,18,189,6,18,3,7.5,95.1,8,1,Medium,68.22,Medium
EMP0759,26,Female,Diploma,HR,Mid,4,73907,33,8,217,28,13,5,5.2,76.1,0,0,Medium,59.89,Medium
EMP0760,49,Female,Diploma,Finance,Junior,13,67350,73,17,153,30,2,5,5.0,83.7,9,1,Low,77.95,High
EMP0761,28,Male,Bachelor's,Support,Junior,4,26513,94,14,198,27,2,5,6.0,100.0,0,0,Low,80.35,High
EMP0762,43,Male,Bachelor's,Operations,Senior,18,98764,54,16,169,12,2,4,6.6,100.0,17,1,Low,82.11,High
EMP0763,58,Male,Bachelor's,Engineering,Junior,18,48325,55,17,145,0,6,4,3.8,99.6,16,1,Medium,72.73,Medium
EMP0764,57,Female,Bachelor's,Sales,Mid,26,94106,59,14,195,12,1,3,7.2,98.3,26,1,Medium,71.27,Medium
EMP0765,35,Female,Bachelor's,HR,Mid,9,68092,36,14,156,18,5,1,8.4,94.2,5,0,Medium,63.05,Medium
EMP0766,51,Female,Bachelor's,Sales,Junior,17,50307,63,3,181,16,15,5,7.4,83.2,16,0,Medium,65.44,Medium
EMP0767,45,Female,Diploma,HR,Junior,15,53580,96,14,180,36,17,4,5.5,98.0,12,0,Medium,66.69,Medium
EMP0768,40,Male,Bachelor's,Engineering,Senior,14,92980,44,1,187,34,15,4,5.3,81.2,12,0,High,49.24,Low
EMP0769,27,Male,Bachelor's,Engineering,Manager,3,146513,79,15,150,31,9,4,6.9,80.3,0,0,Medium,73.64,Medium
EMP0770,36,Male,PhD,Engineering,Junior,10,51375,79,13,160,0,13,4,6.3,79.8,6,0,Medium,71.34,Medium
EMP0771,46,Male,Master's,Marketing,Manager,19,158158,86,15,198,5,18,3,7.2,97.8,16,1,Low,78.76,High
EMP0772,59,Male,Master's,Operations,Mid,22,60064,75,13,214,17,1,4,7.4,89.5,19,1,Low,76.56,High
EMP0773,22,Male,Master's,Sales,Senior,1,80665,92,8,140,24,18,4,8.1,90.8,1,0,Low,79.66,High
EMP0774,49,Male,PhD,Support,Senior,24,125465,74,8,173,27,14,5,4.8,89.9,20,0,Medium,71.57,Medium
EMP0775,54,Female,Master's,Sales,Senior,16,109809,97,12,210,11,7,1,6.8,81.0,16,1,Medium,62.64,Medium
EMP0776,58,Male,Master's,Engineering,Lead,15,103223,74,9,162,4,8,3,6.0,84.6,13,1,Medium,70.62,Medium
EMP0777,38,Male,Master's,Marketing,Mid,9,63292,85,7,175,13,8,4,6.4,85.0,8,0,Medium,71.92,Medium
EMP0778,26,Male,Bachelor's,Operations,Mid,2,47787,90,10,212,31,3,5,7.8,78.8,1,0,Medium,74.29,High
EMP0779,32,Male,Bachelor's,Engineering,Mid,7,77088,98,11,217,39,4,5,8.0,86.0,3,1,Medium,73.67,Medium
EMP0780,54,Female,Bachelor's,Engineering,Junior,23,64554,63,5,192,37,5,4,8.6,81.3,22,0,Medium,61.64,Medium
EMP0781,55,Male,Bachelor's,Operations,Senior,15,91857,73,13,195,23,0,3,7.1,94.6,13,0,Medium,68.22,Medium
EMP0782,46,Male,Master's,Finance,Junior,15,53273,97,6,189,3,10,3,6.3,95.3,14,1,Medium,70.72,Medium
EMP0783,26,Male,Bachelor's,Marketing,Junior,1,25000,44,6,162,38,9,4,6.1,79.7,0,0,High,49.35,Low
EMP0784,26,Female,Bachelor's,Operations,Junior,1,27520,20,8,210,6,6,3,3.9,87.6,0,0,Medium,52.78,Medium
EMP0785,40,Female,Bachelor's,Operations,Junior,14,52091,89,2,142,10,3,4,8.5,100.0,12,0,Medium,74.44,High
EMP0786,44,Male,PhD,Marketing,Senior,10,98765,66,12,144,38,19,5,6.0,82.2,10,0,Medium,70.37,Medium
EMP0787,23,Male,Bachelor's,HR,Senior,0,64469,48,14,188,20,13,3,7.3,93.4,0,0,Medium,71.19,Medium
EMP0788,48,Male,Master's,Engineering,Mid,16,71150,74,19,207,7,9,3,7.5,90.8,15,1,Low,77.78,High
EMP0789,42,Male,PhD,Marketing,Junior,16,62277,12,6,205,20,14,1,4.6,98.7,14,0,High,37.58,Low
EMP0790,22,Female,Bachelor's,Finance,Mid,0,43388,52,11,194,3,7,3,5.1,92.4,0,0,Medium,58.91,Medium
EMP0791,25,Female,Master's,Sales,Mid,1,58033,33,10,170,12,4,4,8.8,86.5,1,1,Medium,72.09,Medium
EMP0792,39,Female,Bachelor's,Support,Senior,7,88927,35,14,168,38,13,3,6.9,90.5,5,1,Medium,56.02,Medium
EMP0793,49,Male,Bachelor's,Support,Mid,11,81915,97,12,174,11,15,3,5.6,90.7,10,0,Medium,73.21,Medium
EMP0794,53,Male,Master's,Sales,Mid,20,77158,59,16,160,35,13,2,6.3,89.3,20,1,Medium,62.29,Medium
EMP0795,38,Male,Diploma,Marketing,Mid,12,68027,22,17,173,21,11,2,8.1,79.4,9,0,Medium,54.28,Medium
EMP0796,33,Male,Bachelor's,Sales,Manager,7,145239,42,3,148,26,0,4,7.9,99.9,4,0,Medium,64.5,Medium
EMP0797,58,Female,Master's,HR,Senior,22,95789,31,7,165,28,12,4,4.3,98.5,18,0,Medium,60.15,Medium
EMP0798,39,Male,Bachelor's,Engineering,Mid,12,67632,91,13,215,22,12,4,9.0,81.6,10,1,Low,81.2,High
EMP0799,33,Male,Master's,Marketing,Mid,8,60954,36,11,196,1,8,4,7.9,87.6,7,0,Medium,66.05,Medium
EMP0800,38,Female,Master's,HR,Junior,12,48288,42,10,151,36,4,3,6.3,88.2,8,0,Medium,53.07,Medium
EMP0801,22,Male,Master's,Finance,Manager,0,136787,40,4,162,19,19,4,4.7,80.7,0,0,Medium,51.91,Medium
EMP0802,33,Male,Master's,Finance,Mid,7,67833,25,11,160,26,7,2,8.1,75.1,4,0,Medium,54.54,Medium
EMP0803,41,Male,Bachelor's,Sales,Junior,16,48210,80,15,162,22,5,5,7.2,84.6,12,1,Low,81.08,High
EMP0804,56,Male,Master's,Operations,Manager,19,153893,61,1,195,26,14,2,4.3,87.1,19,0,High,36.97,Low
EMP0805,50,Male,Master's,Finance,Senior,11,105123,49,12,211,14,9,4,6.2,78.5,7,1,Medium,66.12,Medium
EMP0806,51,Male,Master's,Operations,Junior,12,42749,45,18,196,33,11,1,10.0,91.4,11,0,Medium,63.11,Medium
EMP0807,42,Male,Bachelor's,HR,Junior,12,50561,70,11,179,8,12,4,6.5,99.3,10,1,Low,75.09,High
EMP0808,26,Male,Bachelor's,Support,Junior,1,34654,18,19,152,26,7,3,5.4,96.7,0,1,Medium,61.19,Medium
EMP0809,36,Male,Bachelor's,Marketing,Mid,10,66495,93,7,151,23,3,5,5.0,89.0,10,1,Medium,70.71,Medium
EMP0810,59,Female,Bachelor's,Operations,Junior,26,53154,60,1,205,20,3,1,9.2,75.3,23,1,High,46.27,Low
EMP0811,23,Male,Bachelor's,Sales,Manager,0,141286,30,13,194,0,18,5,7.8,95.7,0,1,Low,79.15,High
EMP0812,55,Female,Bachelor's,Sales,Manager,25,153805,58,5,180,15,10,4,8.6,91.2,23,0,Medium,69.74,Medium
EMP0813,48,Female,Master's,HR,Mid,13,78808,86,1,186,1,8,3,6.9,93.4,11,1,Medium,68.06,Medium
EMP0814,32,Male,Bachelor's,HR,Senior,6,82228,25,4,207,20,6,3,8.4,100.0,3,0,Medium,60.64,Medium
EMP0815,51,Female,PhD,Operations,Junior,12,44395,57,18,205,27,14,3,5.2,83.4,8,0,Medium,63.47,Medium
EMP0816,53,Male,Master's,Marketing,Junior,22,71104,63,15,146,20,18,5,6.7,67.0,20,1,Low,77.43,High
EMP0817,23,Male,Master's,Support,Senior,0,87951,82,6,171,30,15,5,6.9,81.6,0,0,Medium,69.22,Medium
EMP0818,26,Male,Bachelor's,Marketing,Junior,2,39069,61,12,143,14,10,3,8.6,93.9,1,0,Medium,66.6,Medium
EMP0819,47,Male,Bachelor's,HR,Junior,21,66289,76,7,170,12,9,3,7.0,90.2,19,0,Medium,67.61,Medium
EMP0820,59,Male,Master's,Support,Mid,21,77891,79,4,190,17,17,3,5.6,80.3,21,0,Medium,59.22,Medium
EMP0821,22,Male,Diploma,HR,Junior,0,34933,90,19,156,9,17,2,6.6,78.6,0,0,Medium,71.98,Medium
EMP0822,47,Female,Bachelor's,Finance,Mid,18,71307,42,16,152,32,7,4,4.0,87.2,17,0,Medium,57.59,Medium
EMP0823,27,Male,Master's,Support,Senior,4,92032,73,7,179,32,19,3,3.0,80.0,0,1,Medium,56.57,Medium
EMP0824,46,Female,Master's,Support,Lead,10,106452,32,7,181,16,16,3,7.7,94.2,8,0,Medium,62.71,Medium
EMP0825,45,Female,Master's,HR,Senior,12,106281,85,16,197,31,16,5,5.9,86.7,8,1,Low,75.94,High
EMP0826,25,Female,Bachelor's,Marketing,Lead,0,97473,95,9,141,1,1,4,6.1,85.0,0,0,Medium,72.89,Medium
EMP0827,47,Male,Master's,Sales,Mid,12,69564,36,8,159,6,2,4,7.7,83.9,10,0,Medium,71.12,Medium
EMP0828,56,Female,Bachelor's,HR,Lead,26,137269,60,8,202,11,5,1,8.6,92.1,22,1,Medium,54.96,Medium
EMP0829,54,Female,Diploma,Support,Mid,27,87590,84,9,194,15,15,5,7.3,90.3,24,0,Low,85.53,High
EMP0830,23,Female,Bachelor's,HR,Junior,1,33816,12,10,211,9,1,4,9.4,91.6,0,0,Medium,67.75,Medium
EMP0831,31,Male,Bachelor's,Marketing,Manager,4,134559,73,1,205,20,1,4,7.3,91.4,3,0,Medium,70.17,Medium
EMP0832,31,Female,Diploma,Engineering,Junior,7,50550,83,10,207,31,0,1,7.0,89.4,4,0,Medium,54.06,Medium
EMP0833,39,Female,Bachelor's,Marketing,Junior,7,38097,88,9,180,18,3,5,6.9,81.7,7,1,Low,81.25,High
EMP0834,27,Male,Bachelor's,Sales,Junior,2,36390,27,6,216,17,18,4,4.6,84.2,2,1,Medium,53.93,Medium
EMP0835,54,Male,Bachelor's,Support,Mid,27,87482,78,7,173,2,14,5,7.9,86.8,27,1,Low,80.33,High
EMP0836,51,Male,Bachelor's,HR,Mid,11,75116,80,9,212,11,14,4,2.8,100.0,8,1,Medium,69.01,Medium
EMP0837,52,Female,Bachelor's,Engineering,Mid,11,67401,10,7,171,32,5,4,5.6,79.2,9,0,Medium,53.82,Medium
EMP0838,29,Male,Bachelor's,Engineering,Lead,4,119266,73,18,175,32,12,4,6.5,86.6,4,1,Low,75.74,High
EMP0839,22,Male,Master's,Operations,Junior,0,33747,66,11,194,4,15,5,5.3,90.8,0,1,Medium,74.91,High
EMP0840,56,Female,Master's,Support,Mid,27,85498,97,10,171,0,10,3,5.8,87.6,24,0,Medium,72.04,Medium
EMP0841,32,Male,Bachelor's,Operations,Mid,3,57231,13,5,151,33,17,3,9.3,98.6,0,1,Medium,59.59,Medium
EMP0842,46,Male,Master's,Engineering,Lead,11,102666,96,18,211,6,11,4,8.2,87.5,11,0,Low,83.81,High
EMP0843,56,Female,Bachelor's,Engineering,Junior,22,53106,61,1,176,22,6,4,5.5,88.1,18,0,Medium,60.33,Medium
EMP0844,23,Female,Diploma,Sales,Junior,0,30754,34,11,214,33,12,4,5.8,96.5,0,0,Medium,60.52,Medium
EMP0845,22,Female,Bachelor's,Operations,Mid,0,64086,44,4,171,31,18,4,4.6,100.0,0,0,Medium,56.67,Medium
EMP0846,22,Female,Master's,Operations,Senior,0,79734,78,15,217,22,16,4,7.6,100.0,0,1,Low,77.9,High
EMP0847,27,Male,Bachelor's,Operations,Senior,4,80922,99,8,188,15,9,4,6.1,88.9,3,0,Medium,70.27,Medium
EMP0848,23,Female,Master's,Engineering,Mid,1,66012,38,6,201,30,11,3,3.6,89.6,0,0,High,47.56,Low
EMP0849,53,Female,Bachelor's,Sales,Senior,21,117609,98,2,200,27,19,5,6.7,90.4,21,1,Medium,71.84,Medium
EMP0850,45,Male,Master's,Support,Mid,18,86643,66,16,156,33,14,2,7.2,91.2,16,1,Medium,61.42,Medium
EMP0851,59,Male,Bachelor's,Support,Junior,21,53375,27,8,205,20,10,4,7.9,83.2,18,1,Medium,68.05,Medium
EMP0852,52,Male,Diploma,Operations,Junior,14,47838,63,6,215,37,5,5,6.4,97.5,13,1,Medium,70.15,Medium
EMP0853,58,Male,Master's,Engineering,Junior,26,80709,82,17,192,30,18,3,5.9,91.7,24,0,Medium,68.97,Medium
EMP0854,31,Male,Master's,Engineering,Mid,2,59329,14,1,215,2,19,3,9.5,89.6,0,0,Medium,57.5,Medium
EMP0855,32,Male,PhD,Engineering,Mid,8,62458,17,9,207,11,1,3,6.5,79.8,7,1,Medium,54.05,Medium
EMP0856,54,Female,Diploma,Finance,Mid,25,90746,10,4,193,31,0,4,7.6,90.5,24,0,Medium,61.45,Medium
EMP0857,31,Male,Bachelor's,Operations,Mid,9,73858,61,3,178,4,2,4,5.7,74.9,9,0,Medium,60.01,Medium
EMP0858,24,Female,Bachelor's,Finance,Mid,2,52828,15,1,208,28,7,2,7.5,85.3,0,1,High,44.14,Low
EMP0859,47,Female,Bachelor's,Sales,Senior,16,100955,93,4,154,13,3,5,4.3,85.5,15,0,Medium,71.21,Medium
EMP0860,52,Female,Bachelor's,Operations,Senior,21,112612,21,18,184,8,17,3,5.8,92.3,17,1,Medium,64.16,Medium
EMP0861,58,Female,Master's,Engineering,Mid,19,68517,16,9,205,21,18,4,4.7,100.0,18,0,Medium,55.29,Medium
EMP0862,57,Male,Diploma,Operations,Mid,22,81498,33,19,215,37,3,4,5.6,94.6,19,1,Medium,62.99,Medium
EMP0863,26,Female,Diploma,Support,Mid,1,47284,78,6,161,35,16,1,8.4,100.0,1,0,Medium,52.61,Medium
EMP0864,51,Male,Master's,Operations,Mid,26,78331,91,15,147,16,2,2,5.6,95.2,25,0,Medium,64.25,Medium
EMP0865,54,Female,Master's,Support,Mid,25,80495,32,2,166,0,15,5,7.6,99.0,25,1,Low,75.33,High
EMP0866,48,Male,PhD,Finance,Mid,12,73216,56,3,209,35,7,4,8.8,100.0,10,0,Medium,64.47,Medium
EMP0867,53,Male,Diploma,HR,Senior,20,101423,79,1,181,35,0,1,6.5,84.1,20,0,High,42.89,Low
EMP0868,53,Female,Bachelor's,Marketing,Senior,22,101212,81,18,144,24,8,4,8.0,83.6,22,1,Low,78.51,High
EMP0869,38,Male,Master's,Support,Junior,6,42612,23,13,149,25,16,4,7.3,95.4,4,1,Medium,67.86,Medium
EMP0870,23,Female,PhD,Finance,Mid,0,45824,85,15,167,21,18,2,6.7,90.0,0,1,Medium,64.62,Medium
EMP0871,39,Male,Bachelor's,Sales,Lead,7,111830,88,18,167,0,2,4,7.6,91.8,6,1,Low,88.38,High
EMP0872,29,Male,Bachelor's,Support,Junior,1,45251,76,7,150,6,16,4,9.3,88.0,0,0,Medium,73.14,Medium
EMP0873,26,Female,Diploma,Engineering,Lead,3,102966,57,14,179,5,5,3,5.5,85.2,1,0,Medium,70.09,Medium
EMP0874,26,Female,Diploma,Finance,Junior,1,34578,45,10,178,36,9,5,5.1,100.0,0,0,Medium,65.42,Medium
EMP0875,48,Male,Diploma,Sales,Mid,18,79587,90,11,155,1,2,3,5.0,81.2,16,0,Medium,68.54,Medium
EMP0876,41,Male,Master's,Finance,Mid,10,50772,87,13,158,22,19,3,8.0,95.5,6,0,Medium,70.55,Medium
EMP0877,42,Male,Bachelor's,Marketing,Junior,14,56094,56,9,193,14,15,3,8.2,94.2,13,0,Medium,63.5,Medium
EMP0878,50,Female,Bachelor's,HR,Lead,14,141615,76,1,216,0,12,4,5.7,77.4,14,0,Medium,60.16,Medium
EMP0879,42,Female,Master's,Finance,Mid,16,73218,45,2,219,36,14,4,3.3,83.4,14,0,High,46.07,Low
EMP0880,45,Male,Master's,Operations,Manager,7,137446,76,10,184,0,17,5,5.5,84.7,7,1,Low,79.37,High
EMP0881,25,Male,Master's,Marketing,Junior,2,43348,18,11,143,34,2,3,7.3,94.5,0,0,Medium,53.34,Medium
EMP0882,54,Male,Master's,Support,Lead,17,133562,91,14,211,31,4,4,6.4,87.1,16,1,Medium,67.62,Medium
EMP0883,39,Male,Bachelor's,HR,Manager,8,147399,56,11,216,31,0,4,6.8,89.3,7,1,Medium,63.17,Medium
EMP0884,27,Female,Master's,Sales,Mid,5,43755,63,4,162,6,9,3,5.7,78.3,3,0,Medium,57.94,Medium
EMP0885,52,Female,Bachelor's,Engineering,Junior,23,67107,27,7,172,35,9,1,8.0,100.0,23,1,High,45.51,Low
EMP0886,49,Male,Bachelor's,Sales,Senior,23,128175,57,9,142,23,0,5,7.0,90.6,22,1,Medium,71.75,Medium
EMP0887,24,Female,Bachelor's,Finance,Mid,0,59979,10,19,204,16,13,3,7.4,94.0,0,0,Medium,68.75,Medium
EMP0888,29,Male,Bachelor's,HR,Manager,4,125563,90,11,202,27,0,4,6.7,85.7,1,0,Low,75.0,High
EMP0889,22,Male,PhD,Marketing,Mid,0,57254,77,13,141,13,15,4,7.3,84.8,0,1,Low,81.39,High
EMP0890,32,Male,Bachelor's,HR,Junior,7,33154,50,14,196,11,14,1,7.2,100.0,5,0,Medium,54.78,Medium
EMP0891,25,Male,Bachelor's,Operations,Junior,0,44862,85,7,172,11,16,5,5.1,74.7,0,0,Medium,69.09,Medium
EMP0892,48,Male,Master's,Finance,Senior,19,95152,83,19,183,22,2,5,7.1,92.2,15,1,Low,86.33,High
EMP0893,41,Female,Master's,Engineering,Manager,13,146193,20,13,157,24,17,4,7.7,80.3,9,1,Medium,62.83,Medium
EMP0894,59,Female,Bachelor's,Engineering,Junior,28,61737,14,17,205,9,10,4,8.2,86.8,26,0,Medium,74.6,High
EMP0895,50,Male,Bachelor's,HR,Senior,16,94828,32,15,172,9,17,4,7.1,84.9,12,0,Medium,71.36,Medium
EMP0896,45,Female,Bachelor's,Marketing,Manager,13,157489,10,12,207,37,13,4,5.1,82.1,13,1,Medium,58.5,Medium
EMP0897,41,Female,Master's,Operations,Junior,9,46627,61,1,151,20,13,2,5.3,90.3,8,1,Medium,52.17,Medium
EMP0898,24,Female,Bachelor's,Finance,Junior,3,34126,57,12,187,34,0,4,5.8,69.5,2,1,Medium,64.26,Medium
EMP0899,24,Female,Bachelor's,Operations,Senior,1,72038,58,3,164,13,13,3,6.8,87.5,0,1,Medium,58.19,Medium
EMP0900,45,Male,Bachelor's,Finance,Senior,19,87826,16,12,217,11,8,4,6.3,89.3,16,1,Medium,64.35,Medium
EMP0901,22,Female,Master's,Marketing,Junior,0,25000,92,14,184,11,16,4,4.8,79.1,0,0,Medium,72.1,Medium
EMP0902,23,Female,Bachelor's,Finance,Lead,0,100895,97,11,197,21,13,2,4.8,100.0,0,1,Medium,57.63,Medium
EMP0903,30,Female,PhD,Finance,Mid,3,66441,63,6,146,31,1,5,3.4,85.2,1,0,Medium,65.2,Medium
EMP0904,55,Male,Bachelor's,Operations,Lead,18,117117,10,2,194,20,17,1,1.8,88.1,17,0,High,32.05,Low
EMP0905,39,Male,Master's,Sales,Lead,10,124564,45,13,148,11,1,1,6.3,85.3,8,0,Medium,53.11,Medium
EMP0906,48,Male,Bachelor's,Finance,Lead,17,114659,74,14,168,38,5,3,10.0,89.3,16,0,Medium,74.41,High
EMP0907,37,Male,Bachelor's,Sales,Mid,13,68695,77,10,157,22,4,4,9.2,100.0,9,1,Low,75.06,High
EMP0908,28,Male,Bachelor's,Operations,Junior,4,31163,31,14,140,15,19,3,5.0,100.0,1,0,Medium,55.89,Medium
EMP0909,36,Male,PhD,Operations,Mid,13,78526,84,15,186,0,3,4,6.7,96.0,13,1,Low,84.67,High
EMP0910,25,Female,PhD,Finance,Junior,3,55380,97,10,159,22,16,4,4.3,98.7,0,0,Medium,66.12,Medium
EMP0911,51,Male,Bachelor's,Support,Senior,17,86305,55,1,181,24,4,2,4.5,100.0,14,0,High,46.41,Low
EMP0912,28,Female,Bachelor's,HR,Junior,2,34630,44,17,201,37,13,5,4.7,92.0,1,1,Medium,68.92,Medium
EMP0913,36,Male,Diploma,Engineering,Mid,12,79518,57,9,154,9,1,3,6.2,100.0,10,0,Medium,66.61,Medium
EMP0914,59,Female,Master's,Finance,Junior,18,45024,12,13,196,6,7,4,6.2,96.3,18,0,Medium,69.44,Medium
EMP0915,44,Male,Bachelor's,Operations,Junior,10,51533,57,18,163,39,12,2,6.9,91.2,10,0,Medium,61.52,Medium
EMP0916,39,Female,Bachelor's,Engineering,Junior,12,59171,12,7,166,22,14,4,7.5,92.8,10,1,Medium,62.12,Medium
EMP0917,42,Male,Master's,Engineering,Senior,13,96225,13,12,186,1,17,5,6.0,75.4,10,0,Medium,66.64,Medium
EMP0918,51,Male,Master's,Sales,Senior,11,97602,59,1,190,4,16,2,6.6,92.3,10,0,Medium,56.53,Medium
EMP0919,31,Male,Master's,Operations,Junior,3,52687,55,17,192,19,10,2,4.9,77.7,2,0,Medium,53.19,Medium
EMP0920,46,Female,Diploma,HR,Lead,16,134787,98,2,155,24,6,3,4.5,77.0,12,1,Medium,60.44,Medium
EMP0921,55,Male,Bachelor's,Support,Lead,18,121104,55,11,186,9,5,1,4.3,91.5,14,1,High,47.37,Low
EMP0922,43,Female,Bachelor's,Support,Mid,11,63940,98,7,161,14,19,5,7.5,81.1,9,1,Low,77.58,High
EMP0923,38,Female,Bachelor's,HR,Senior,9,83440,82,1,162,29,12,4,6.0,89.9,9,1,Medium,57.33,Medium
EMP0924,27,Male,Bachelor's,Finance,Mid,2,65215,40,9,215,38,18,4,3.7,91.1,0,0,Medium,52.12,Medium
EMP0925,31,Male,Bachelor's,Marketing,Junior,6,31225,93,18,148,19,8,5,6.4,91.5,3,1,Low,84.27,High
EMP0926,57,Male,Bachelor's,Engineering,Mid,19,75779,53,4,173,16,9,5,4.6,82.8,15,0,Medium,61.98,Medium
EMP0927,42,Male,Bachelor's,Marketing,Junior,9,46621,63,6,175,14,16,5,9.0,97.2,5,1,Low,81.46,High
EMP0928,33,Male,Master's,Finance,Lead,4,100775,19,4,159,5,14,3,5.6,89.3,1,1,Medium,54.88,Medium
EMP0929,37,Male,Bachelor's,Sales,Manager,7,140638,29,3,202,2,4,3,7.5,93.5,7,1,Medium,58.74,Medium
EMP0930,43,Female,Bachelor's,Sales,Lead,10,132516,56,5,178,33,10,3,8.1,80.4,9,0,Medium,56.76,Medium
EMP0931,42,Male,Master's,Engineering,Mid,13,69627,34,11,197,1,4,3,5.1,88.6,10,0,Medium,65.25,Medium
EMP0932,48,Male,Master's,Operations,Mid,21,76716,63,15,170,32,15,3,6.6,98.8,18,0,Medium,68.45,Medium
EMP0933,31,Female,Master's,Support,Manager,7,146522,17,14,211,9,0,2,7.3,97.8,5,0,Medium,56.65,Medium
EMP0934,46,Female,PhD,Operations,Junior,14,53716,32,15,198,27,16,3,6.7,83.6,12,0,Medium,58.2,Medium
EMP0935,38,Male,Master's,Marketing,Junior,11,59714,69,14,166,38,18,4,7.0,85.6,8,0,Medium,69.61,Medium
EMP0936,57,Male,Bachelor's,Finance,Mid,24,85117,65,8,216,29,0,3,4.5,82.1,22,0,Medium,55.88,Medium
EMP0937,28,Male,Bachelor's,Support,Mid,5,59012,98,18,209,29,12,3,7.3,84.7,5,0,Medium,70.1,Medium
EMP0938,27,Female,Master's,Finance,Mid,4,45530,90,4,187,10,1,3,5.8,78.8,0,0,Medium,64.67,Medium
EMP0939,39,Female,Bachelor's,Marketing,Junior,10,34042,82,14,141,23,7,4,7.0,88.9,9,1,Medium,71.71,Medium
EMP0940,41,Male,Bachelor's,Marketing,Mid,9,51114,10,3,187,25,6,4,7.9,95.1,8,0,Medium,61.48,Medium
EMP0941,48,Male,Bachelor's,Operations,Junior,11,51234,64,15,195,17,10,4,7.5,83.7,11,1,Low,75.74,High
EMP0942,37,Male,Bachelor's,HR,Junior,9,34902,30,2,169,1,18,3,7.0,89.3,7,0,Medium,54.75,Medium
EMP0943,56,Female,Bachelor's,Operations,Junior,28,78644,34,5,151,36,9,1,7.5,88.2,24,1,High,41.49,Low
EMP0944,40,Male,Bachelor's,Support,Mid,16,74441,28,8,185,7,7,3,7.5,98.4,16,0,Medium,61.57,Medium
EMP0945,26,Male,PhD,Engineering,Lead,2,100446,51,14,204,38,1,3,8.7,85.1,1,1,Medium,64.29,Medium
EMP0946,26,Male,Diploma,Operations,Mid,2,50649,21,1,165,37,17,3,6.4,85.4,2,0,High,44.65,Low
EMP0947,58,Male,Bachelor's,Marketing,Senior,21,110178,57,5,176,0,6,5,6.7,83.2,21,0,Medium,69.74,Medium
EMP0948,27,Female,Diploma,HR,Senior,1,74764,24,7,140,29,9,3,7.9,80.9,0,0,Medium,50.35,Medium
EMP0949,58,Male,Bachelor's,Sales,Mid,24,75916,55,14,196,25,1,3,5.8,94.2,23,1,Medium,64.88,Medium
EMP0950,32,Male,Diploma,Marketing,Lead,3,113106,66,19,209,9,5,4,4.5,88.9,0,0,Low,75.09,High
EMP0951,25,Female,Diploma,Marketing,Senior,1,84036,26,12,202,32,11,4,7.2,90.4,0,1,Medium,63.18,Medium
EMP0952,33,Female,Bachelor's,Engineering,Mid,11,66320,19,10,174,4,18,1,6.2,100.0,8,1,Medium,52.56,Medium
EMP0953,45,Male,Master's,Operations,Junior,17,60531,82,7,143,9,6,3,4.7,100.0,17,0,Medium,62.84,Medium
EMP0954,38,Male,Diploma,Sales,Junior,11,48271,76,16,179,37,11,5,7.3,76.8,10,0,Low,75.82,High
EMP0955,51,Female,Diploma,Marketing,Manager,18,154664,33,3,215,29,17,2,8.6,95.2,16,0,Medium,59.05,Medium
EMP0956,45,Male,Diploma,Sales,Senior,13,89065,89,3,146,4,7,4,4.1,91.8,13,0,Medium,70.09,Medium
EMP0957,37,Female,Master's,Sales,Manager,8,156163,29,4,157,5,5,4,8.0,86.3,6,0,Medium,64.18,Medium
EMP0958,46,Female,Bachelor's,Marketing,Lead,15,113363,93,6,206,10,0,3,2.7,92.6,13,1,Medium,58.67,Medium
EMP0959,58,Female,PhD,Support,Junior,15,65448,20,9,185,2,18,4,5.9,76.2,13,1,Medium,53.9,Medium
EMP0960,37,Male,Master's,Support,Senior,13,94089,69,18,153,7,2,3,9.3,100.0,11,0,Low,83.91,High
EMP0961,27,Female,Master's,Marketing,Mid,1,62656,11,13,141,22,4,3,6.0,94.1,0,0,Medium,59.37,Medium
EMP0962,37,Female,Bachelor's,HR,Senior,9,96673,27,8,172,0,2,3,6.6,83.1,6,1,Medium,59.08,Medium
EMP0963,53,Male,Master's,Support,Junior,17,64574,46,5,187,11,14,5,7.6,85.3,17,1,Medium,66.6,Medium
EMP0964,30,Female,Bachelor's,Sales,Junior,6,35475,17,13,207,12,7,3,3.9,76.4,3,1,Medium,50.09,Medium
EMP0965,58,Female,Master's,Support,Senior,17,109005,51,5,210,38,14,2,6.6,87.5,13,0,High,49.56,Low
EMP0966,44,Female,Bachelor's,Engineering,Senior,10,106771,30,19,176,38,12,5,6.6,86.1,6,0,Medium,70.1,Medium
EMP0967,44,Male,Master's,Sales,Senior,12,92330,18,10,173,33,0,3,9.3,79.4,11,1,Medium,59.53,Medium
EMP0968,34,Male,PhD,Marketing,Mid,8,64877,96,11,214,13,6,5,4.6,96.2,5,1,Low,78.29,High
EMP0969,56,Female,Bachelor's,Engineering,Mid,30,86812,98,18,202,21,0,4,5.9,100.0,26,0,Low,82.65,High
EMP0970,23,Male,Master's,Operations,Manager,2,129628,96,6,156,20,1,4,5.1,89.8,1,0,Medium,68.68,Medium
EMP0971,33,Female,Bachelor's,Operations,Mid,8,78291,23,9,194,34,9,4,4.9,87.6,4,0,Medium,57.13,Medium
EMP0972,37,Female,Diploma,Marketing,Mid,9,57766,44,11,197,29,5,4,8.2,93.5,6,0,Medium,61.76,Medium
EMP0973,40,Female,Master's,Operations,Mid,13,63063,39,6,158,36,1,2,6.5,89.8,10,1,High,44.12,Low
EMP0974,40,Male,Bachelor's,Operations,Mid,9,78687,39,2,218,22,8,5,5.7,81.3,6,0,Medium,59.35,Medium
EMP0975,27,Female,Bachelor's,Operations,Mid,3,63596,47,6,163,36,9,5,5.7,84.8,0,0,Medium,64.91,Medium
EMP0976,30,Male,Bachelor's,Operations,Mid,6,79162,55,3,183,29,19,5,5.7,87.6,2,1,Medium,68.43,Medium
EMP0977,25,Female,Bachelor's,Finance,Lead,1,97596,53,13,179,29,13,4,5.8,92.0,0,0,Medium,65.36,Medium
EMP0978,43,Male,Diploma,Engineering,Lead,10,113010,36,1,195,26,7,4,4.6,90.1,8,0,Medium,50.53,Medium
EMP0979,35,Male,Master's,Support,Manager,10,136714,98,7,212,13,9,4,6.1,91.7,8,0,Medium,66.79,Medium
EMP0980,43,Female,Bachelor's,Finance,Mid,19,78946,98,17,171,24,1,1,6.0,77.8,16,0,Medium,62.71,Medium
EMP0981,44,Female,PhD,Support,Mid,13,56407,39,11,170,14,7,4,5.4,95.3,9,1,Medium,64.04,Medium
EMP0982,48,Female,Bachelor's,Support,Senior,18,107079,29,13,200,25,11,4,6.7,90.0,17,1,Medium,73.63,Medium
EMP0983,42,Male,PhD,Sales,Lead,15,120587,57,13,216,10,0,4,6.9,100.0,14,1,Medium,72.38,Medium
EMP0984,46,Female,Bachelor's,Marketing,Mid,13,70139,43,6,212,31,18,3,5.7,86.9,10,0,Medium,58.95,Medium
EMP0985,44,Female,Master's,Sales,Senior,19,99677,98,13,200,22,10,4,6.3,92.6,15,1,Low,77.69,High
EMP0986,46,Female,Diploma,Engineering,Senior,12,87241,48,5,196,28,15,4,9.7,100.0,8,0,Medium,65.27,Medium
EMP0987,45,Female,Bachelor's,Support,Senior,17,106221,13,13,201,8,5,4,9.7,91.6,17,1,Medium,73.54,Medium
EMP0988,34,Male,Master's,Support,Senior,5,76631,21,13,214,31,16,5,4.9,89.5,1,0,Medium,65.69,Medium
EMP0989,31,Male,Diploma,Support,Junior,6,46295,16,17,140,32,7,4,5.1,82.1,3,0,Medium,58.99,Medium
EMP0990,51,Female,Bachelor's,Support,Mid,20,95595,44,18,187,5,18,1,4.9,100.0,20,0,Medium,61.16,Medium
EMP0991,35,Female,Bachelor's,Finance,Mid,7,75284,38,1,142,14,10,1,8.1,80.7,7,1,High,48.7,Low
EMP0992,42,Male,Master's,HR,Junior,16,42158,87,6,186,27,12,4,5.9,93.4,15,1,Medium,68.4,Medium
EMP0993,29,Male,Bachelor's,Support,Lead,5,101706,90,11,171,34,4,4,6.9,86.2,1,0,Medium,69.93,Medium
EMP0994,38,Female,Bachelor's,HR,Senior,6,90571,22,7,164,29,19,5,9.5,88.5,3,0,Medium,65.05,Medium
EMP0995,42,Female,Bachelor's,Finance,Junior,12,48837,95,12,211,18,3,3,6.5,78.6,10,1,Medium,68.31,Medium
EMP0996,45,Male,Master's,Sales,Lead,11,102004,62,17,196,11,0,1,7.6,100.0,8,0,Medium,65.03,Medium
EMP0997,42,Female,Bachelor's,Operations,Senior,11,96282,37,5,185,36,8,3,7.3,87.8,9,0,High,47.44,Low
EMP0998,35,Female,Bachelor's,Operations,Senior,7,88319,46,17,210,34,16,4,5.6,80.3,3,1,Medium,64.9,Medium
EMP0999,58,Male,PhD,Finance,Mid,30,106314,49,17,147,35,18,5,8.1,100.0,30,0,Low,77.26,High
EMP1000,41,Male,Master's,HR,Lead,15,115974,25,18,191,12,17,5,5.2,86.0,14,1,Medium,68.66,Medium
